signal,C4273_8546ps,C4276_8552ps,C4277_8554ps,C4326_8652ps,C4334_8668ps,C4339_8678ps,C4365_8730ps,C4368_8736ps,C4369_8738ps,C4418_8836ps,C4426_8852ps,C4431_8862ps,C4450_8900ps
TOP.SimTop.cpu.l_soc.core_with_l2.core.backend.inner_intExuBlock.exus_7.csr.csrMod.diffArchEvent_event_coreid,0x0,0x0,0x0,0x0,0x0,0x0,0x0,0x0,0x0,0x0,0x0,0x0,0x0
TOP.SimTop.cpu.l_soc.core_with_l2.core.backend.inner_intExuBlock.exus_7.csr.csrMod.diffArchEvent_event_exception,0x3,0x3,0xb,0xb,0xb,0xb,0xb,0xb,0x2,0x2,0x2,0x2,0x2
TOP.SimTop.cpu.l_soc.core_with_l2.core.backend.inner_intExuBlock.exus_7.csr.csrMod.diffArchEvent_event_exceptionInst,0x5d546a79,0x5d546a79,0x73,0x73,0x73,0x73,0x73,0x73,0xffffffff,0xffffffff,0xffffffff,0xffffffff,0xffffffff
TOP.SimTop.cpu.l_soc.core_with_l2.core.backend.inner_intExuBlock.exus_7.csr.csrMod.diffArchEvent_event_exceptionPC,0x3470f0a8e95f,0x3470f0a8e95f,0x80000044,0x80000044,0x80000044,0x80000044,0x80000044,0x80000044,0x80000078,0x80000078,0x80000078,0x80000078,0x80000078
TOP.SimTop.cpu.l_soc.core_with_l2.core.backend.inner_intExuBlock.exus_7.csr.csrMod.diffArchEvent_event_hasNMI,0x1,0x1,0x0,0x0,0x0,0x0,0x0,0x0,0x0,0x0,0x0,0x0,0x0
TOP.SimTop.cpu.l_soc.core_with_l2.core.backend.inner_intExuBlock.exus_7.csr.csrMod.diffArchEvent_event_interrupt,0x0,0x0,0x0,0x0,0x0,0x0,0x0,0x0,0x0,0x0,0x0,0x0,0x0
TOP.SimTop.cpu.l_soc.core_with_l2.core.backend.inner_intExuBlock.exus_7.csr.csrMod.diffArchEvent_event_irToHS,0x0,0x0,0x0,0x0,0x0,0x0,0x0,0x0,0x0,0x0,0x0,0x0,0x0
TOP.SimTop.cpu.l_soc.core_with_l2.core.backend.inner_intExuBlock.exus_7.csr.csrMod.diffArchEvent_event_irToVS,0x0,0x0,0x0,0x0,0x0,0x0,0x0,0x0,0x0,0x0,0x0,0x0,0x0
TOP.SimTop.cpu.l_soc.core_with_l2.core.backend.inner_intExuBlock.exus_7.csr.csrMod.diffArchEvent_event_valid,0x0,0x0,0x1,0x0,0x0,0x0,0x0,0x0,0x1,0x0,0x0,0x0,0x0
TOP.SimTop.cpu.l_soc.core_with_l2.core.backend.inner_intExuBlock.exus_7.csr.csrMod.diffArchEvent_event_virtualInterruptIsHvictlInject,0x0,0x0,0x0,0x0,0x0,0x0,0x0,0x0,0x0,0x0,0x0,0x0,0x0
TOP.SimTop.cpu.l_soc.core_with_l2.core.backend.inner_intExuBlock.exus_7.csr.csrMod.diffArchEvent_exceptionInst_r,0x5d546a79,0x5d546a79,0x73,0x73,0x73,0x73,0x73,0x73,0xffffffff,0xffffffff,0xffffffff,0xffffffff,0xffffffff
TOP.SimTop.cpu.l_soc.core_with_l2.core.backend.inner_intExuBlock.exus_7.csr.csrMod.diffArchEvent_exceptionPC_r,0x3470f0a8e95f,0x3470f0a8e95f,0x80000044,0x80000044,0x80000044,0x80000044,0x80000044,0x80000044,0x80000078,0x80000078,0x80000078,0x80000078,0x80000078
TOP.SimTop.cpu.l_soc.core_with_l2.core.backend.inner_intExuBlock.exus_7.csr.csrMod.diffArchEvent_exception_r,0x3,0x3,0xb,0xb,0xb,0xb,0xb,0xb,0x2,0x2,0x2,0x2,0x2
TOP.SimTop.cpu.l_soc.core_with_l2.core.backend.inner_intExuBlock.exus_7.csr.csrMod.diffArchEvent_hasNMI_r,0x1,0x1,0x0,0x0,0x0,0x0,0x0,0x0,0x0,0x0,0x0,0x0,0x0
TOP.SimTop.cpu.l_soc.core_with_l2.core.backend.inner_intExuBlock.exus_7.csr.csrMod.diffArchEvent_interrupt_r,0x0,0x0,0x0,0x0,0x0,0x0,0x0,0x0,0x0,0x0,0x0,0x0,0x0
TOP.SimTop.cpu.l_soc.core_with_l2.core.backend.inner_intExuBlock.exus_7.csr.csrMod.diffArchEvent_irToHS_r,0x0,0x0,0x0,0x0,0x0,0x0,0x0,0x0,0x0,0x0,0x0,0x0,0x0
TOP.SimTop.cpu.l_soc.core_with_l2.core.backend.inner_intExuBlock.exus_7.csr.csrMod.diffArchEvent_irToVS_r,0x0,0x0,0x0,0x0,0x0,0x0,0x0,0x0,0x0,0x0,0x0,0x0,0x0
TOP.SimTop.cpu.l_soc.core_with_l2.core.backend.inner_intExuBlock.exus_7.csr.csrMod.diffArchEvent_virtualInterruptIsHvictlInject_REG,0x0,0x0,0x0,0x0,0x0,0x0,0x0,0x0,0x0,0x0,0x0,0x0,0x0
TOP.SimTop.cpu.l_soc.core_with_l2.core.backend.inner_intExuBlock.exus_7.csr.csrMod.diffCSRState_coreid,0x0,0x0,0x0,0x0,0x0,0x0,0x0,0x0,0x0,0x0,0x0,0x0,0x0
TOP.SimTop.cpu.l_soc.core_with_l2.core.backend.inner_intExuBlock.exus_7.csr.csrMod.diffCSRState_csr_coreid,0x0,0x0,0x0,0x0,0x0,0x0,0x0,0x0,0x0,0x0,0x0,0x0,0x0
TOP.SimTop.cpu.l_soc.core_with_l2.core.backend.inner_intExuBlock.exus_7.csr.csrMod.diffCSRState_csr_mcause,0x0,0x0,0xb,0xb,0xb,0xb,0xb,0xb,0x2,0x2,0x2,0x2,0x2
TOP.SimTop.cpu.l_soc.core_with_l2.core.backend.inner_intExuBlock.exus_7.csr.csrMod.diffCSRState_csr_medeleg,0x0,0x0,0x0,0x0,0x0,0x0,0x0,0x0,0x0,0x0,0x0,0x0,0x0
TOP.SimTop.cpu.l_soc.core_with_l2.core.backend.inner_intExuBlock.exus_7.csr.csrMod.diffCSRState_csr_mepc,0x0,0x0,0x80000044,0x80000050,0x80000050,0x80000050,0x80000050,0x80000050,0x80000078,0x80000084,0x80000084,0x80000084,0x80000084
TOP.SimTop.cpu.l_soc.core_with_l2.core.backend.inner_intExuBlock.exus_7.csr.csrMod.diffCSRState_csr_mideleg,0x1444,0x1444,0x1444,0x1444,0x1444,0x1444,0x1444,0x1444,0x1444,0x1444,0x1444,0x1444,0x1444
TOP.SimTop.cpu.l_soc.core_with_l2.core.backend.inner_intExuBlock.exus_7.csr.csrMod.diffCSRState_csr_mie,0x0,0x0,0x0,0x0,0x0,0x0,0x0,0x0,0x0,0x0,0x0,0x0,0x0
TOP.SimTop.cpu.l_soc.core_with_l2.core.backend.inner_intExuBlock.exus_7.csr.csrMod.diffCSRState_csr_mip,0x0,0x0,0x0,0x0,0x0,0x0,0x0,0x0,0x0,0x0,0x0,0x0,0x0
TOP.SimTop.cpu.l_soc.core_with_l2.core.backend.inner_intExuBlock.exus_7.csr.csrMod.diffCSRState_csr_mscratch,0x3d78469f7724874c,0x3d78469f7724874c,0x3d78469f7724874c,0x3d78469f7724874c,0x3d78469f7724874c,0x3d78469f7724874c,0x3d78469f7724874c,0x3d78469f7724874c,0x3d78469f7724874c,0x3d78469f7724874c,0x3d78469f7724874c,0x3d78469f7724874c,0x3d78469f7724874c
TOP.SimTop.cpu.l_soc.core_with_l2.core.backend.inner_intExuBlock.exus_7.csr.csrMod.diffCSRState_csr_mstatus,0xa00000000,0xa00000000,0x40a00001800,0x40a00001800,0xa00000080,0xa00000080,0xa00000080,0xa00000080,0x40a00001800,0x40a00001800,0xa00000080,0xa00000080,0xa00000080
TOP.SimTop.cpu.l_soc.core_with_l2.core.backend.inner_intExuBlock.exus_7.csr.csrMod.diffCSRState_csr_mtval,0x0,0x0,0x0,0x0,0x0,0x0,0x0,0x0,0xffffffff,0xffffffff,0xffffffff,0xffffffff,0xffffffff
TOP.SimTop.cpu.l_soc.core_with_l2.core.backend.inner_intExuBlock.exus_7.csr.csrMod.diffCSRState_csr_mtvec,0x80000100,0x80000100,0x80000100,0x80000100,0x80000100,0x80000100,0x80000100,0x80000100,0x80000100,0x80000100,0x80000100,0x80000100,0x80000100
TOP.SimTop.cpu.l_soc.core_with_l2.core.backend.inner_intExuBlock.exus_7.csr.csrMod.diffCSRState_csr_privilegeMode,0x3,0x3,0x3,0x3,0x3,0x3,0x3,0x3,0x3,0x3,0x3,0x3,0x3
TOP.SimTop.cpu.l_soc.core_with_l2.core.backend.inner_intExuBlock.exus_7.csr.csrMod.diffCSRState_csr_satp,0x0,0x0,0x0,0x0,0x0,0x0,0x0,0x0,0x0,0x0,0x0,0x0,0x0
TOP.SimTop.cpu.l_soc.core_with_l2.core.backend.inner_intExuBlock.exus_7.csr.csrMod.diffCSRState_csr_scause,0x0,0x0,0x0,0x0,0x0,0x0,0x0,0x0,0x0,0x0,0x0,0x0,0x0
TOP.SimTop.cpu.l_soc.core_with_l2.core.backend.inner_intExuBlock.exus_7.csr.csrMod.diffCSRState_csr_sepc,0x0,0x0,0x0,0x0,0x0,0x0,0x0,0x0,0x0,0x0,0x0,0x0,0x0
TOP.SimTop.cpu.l_soc.core_with_l2.core.backend.inner_intExuBlock.exus_7.csr.csrMod.diffCSRState_csr_sscratch,0x26f2d1b6ea7eb3e6,0x26f2d1b6ea7eb3e6,0x26f2d1b6ea7eb3e6,0x26f2d1b6ea7eb3e6,0x26f2d1b6ea7eb3e6,0x26f2d1b6ea7eb3e6,0x26f2d1b6ea7eb3e6,0x26f2d1b6ea7eb3e6,0x26f2d1b6ea7eb3e6,0x26f2d1b6ea7eb3e6,0x26f2d1b6ea7eb3e6,0x26f2d1b6ea7eb3e6,0x26f2d1b6ea7eb3e6
TOP.SimTop.cpu.l_soc.core_with_l2.core.backend.inner_intExuBlock.exus_7.csr.csrMod.diffCSRState_csr_sstatus,0x200000000,0x200000000,0x200000000,0x200000000,0x200000000,0x200000000,0x200000000,0x200000000,0x200000000,0x200000000,0x200000000,0x200000000,0x200000000
TOP.SimTop.cpu.l_soc.core_with_l2.core.backend.inner_intExuBlock.exus_7.csr.csrMod.diffCSRState_csr_stval,0x0,0x0,0x0,0x0,0x0,0x0,0x0,0x0,0x0,0x0,0x0,0x0,0x0
TOP.SimTop.cpu.l_soc.core_with_l2.core.backend.inner_intExuBlock.exus_7.csr.csrMod.diffCSRState_csr_stvec,0x0,0x0,0x0,0x0,0x0,0x0,0x0,0x0,0x0,0x0,0x0,0x0,0x0
TOP.SimTop.cpu.l_soc.core_with_l2.core.backend.inner_intExuBlock.exus_7.csr.csrMod.diffCriticalErrorEvent_critical_error_coreid,0x0,0x0,0x0,0x0,0x0,0x0,0x0,0x0,0x0,0x0,0x0,0x0,0x0
TOP.SimTop.cpu.l_soc.core_with_l2.core.backend.inner_intExuBlock.exus_7.csr.csrMod.diffCriticalErrorEvent_critical_error_criticalError,0x0,0x0,0x0,0x0,0x0,0x0,0x0,0x0,0x0,0x0,0x0,0x0,0x0
TOP.SimTop.cpu.l_soc.core_with_l2.core.backend.inner_intExuBlock.exus_7.csr.csrMod.diffCriticalErrorEvent_critical_error_valid,0x0,0x0,0x0,0x0,0x0,0x0,0x0,0x0,0x0,0x0,0x0,0x0,0x0
TOP.SimTop.cpu.l_soc.core_with_l2.core.backend.inner_intExuBlock.exus_7.csr.csrMod.diffCustomMflushpwr_sync_custom_mflushpwr_coreid,0x0,0x0,0x0,0x0,0x0,0x0,0x0,0x0,0x0,0x0,0x0,0x0,0x0
TOP.SimTop.cpu.l_soc.core_with_l2.core.backend.inner_intExuBlock.exus_7.csr.csrMod.diffCustomMflushpwr_sync_custom_mflushpwr_l2FlushDone,0x0,0x0,0x0,0x0,0x0,0x0,0x0,0x0,0x0,0x0,0x0,0x0,0x0
TOP.SimTop.cpu.l_soc.core_with_l2.core.backend.inner_intExuBlock.exus_7.csr.csrMod.diffCustomMflushpwr_sync_custom_mflushpwr_valid,0x0,0x0,0x0,0x0,0x0,0x0,0x0,0x0,0x0,0x0,0x0,0x0,0x0
TOP.SimTop.cpu.l_soc.core_with_l2.core.backend.inner_intExuBlock.exus_7.csr.csrMod.diffCustomMflushpwr_valid_REG,0x0,0x0,0x0,0x0,0x0,0x0,0x0,0x0,0x0,0x0,0x0,0x0,0x0
TOP.SimTop.cpu.l_soc.core_with_l2.core.backend.inner_intExuBlock.exus_7.csr.csrMod.diffDebugMode_dmregs_coreid,0x0,0x0,0x0,0x0,0x0,0x0,0x0,0x0,0x0,0x0,0x0,0x0,0x0
TOP.SimTop.cpu.l_soc.core_with_l2.core.backend.inner_intExuBlock.exus_7.csr.csrMod.diffDebugMode_dmregs_dcsr,0x40000003,0x40000003,0x40000003,0x40000003,0x40000003,0x40000003,0x40000003,0x40000003,0x40000003,0x40000003,0x40000003,0x40000003,0x40000003
TOP.SimTop.cpu.l_soc.core_with_l2.core.backend.inner_intExuBlock.exus_7.csr.csrMod.diffDebugMode_dmregs_debugMode,0x0,0x0,0x0,0x0,0x0,0x0,0x0,0x0,0x0,0x0,0x0,0x0,0x0
TOP.SimTop.cpu.l_soc.core_with_l2.core.backend.inner_intExuBlock.exus_7.csr.csrMod.diffDebugMode_dmregs_dpc,0x0,0x0,0x0,0x0,0x0,0x0,0x0,0x0,0x0,0x0,0x0,0x0,0x0
TOP.SimTop.cpu.l_soc.core_with_l2.core.backend.inner_intExuBlock.exus_7.csr.csrMod.diffDebugMode_dmregs_dscratch0,0x8e089e4a88b54ae3,0x8e089e4a88b54ae3,0x8e089e4a88b54ae3,0x8e089e4a88b54ae3,0x8e089e4a88b54ae3,0x8e089e4a88b54ae3,0x8e089e4a88b54ae3,0x8e089e4a88b54ae3,0x8e089e4a88b54ae3,0x8e089e4a88b54ae3,0x8e089e4a88b54ae3,0x8e089e4a88b54ae3,0x8e089e4a88b54ae3
TOP.SimTop.cpu.l_soc.core_with_l2.core.backend.inner_intExuBlock.exus_7.csr.csrMod.diffDebugMode_dmregs_dscratch1,0x4ab8f07991c7daf5,0x4ab8f07991c7daf5,0x4ab8f07991c7daf5,0x4ab8f07991c7daf5,0x4ab8f07991c7daf5,0x4ab8f07991c7daf5,0x4ab8f07991c7daf5,0x4ab8f07991c7daf5,0x4ab8f07991c7daf5,0x4ab8f07991c7daf5,0x4ab8f07991c7daf5,0x4ab8f07991c7daf5,0x4ab8f07991c7daf5
TOP.SimTop.cpu.l_soc.core_with_l2.core.backend.inner_intExuBlock.exus_7.csr.csrMod.diffFpCSRState_fcsr_coreid,0x0,0x0,0x0,0x0,0x0,0x0,0x0,0x0,0x0,0x0,0x0,0x0,0x0
TOP.SimTop.cpu.l_soc.core_with_l2.core.backend.inner_intExuBlock.exus_7.csr.csrMod.diffFpCSRState_fcsr_fcsr,0x0,0x0,0x0,0x0,0x0,0x0,0x0,0x0,0x0,0x0,0x0,0x0,0x0
TOP.SimTop.cpu.l_soc.core_with_l2.core.backend.inner_intExuBlock.exus_7.csr.csrMod.diffHCSRState_hcsr_coreid,0x0,0x0,0x0,0x0,0x0,0x0,0x0,0x0,0x0,0x0,0x0,0x0,0x0
TOP.SimTop.cpu.l_soc.core_with_l2.core.backend.inner_intExuBlock.exus_7.csr.csrMod.diffHCSRState_hcsr_hcounteren,0x0,0x0,0x0,0x0,0x0,0x0,0x0,0x0,0x0,0x0,0x0,0x0,0x0
TOP.SimTop.cpu.l_soc.core_with_l2.core.backend.inner_intExuBlock.exus_7.csr.csrMod.diffHCSRState_hcsr_hedeleg,0x0,0x0,0x0,0x0,0x0,0x0,0x0,0x0,0x0,0x0,0x0,0x0,0x0
TOP.SimTop.cpu.l_soc.core_with_l2.core.backend.inner_intExuBlock.exus_7.csr.csrMod.diffHCSRState_hcsr_hgatp,0x0,0x0,0x0,0x0,0x0,0x0,0x0,0x0,0x0,0x0,0x0,0x0,0x0
TOP.SimTop.cpu.l_soc.core_with_l2.core.backend.inner_intExuBlock.exus_7.csr.csrMod.diffHCSRState_hcsr_hideleg,0x0,0x0,0x0,0x0,0x0,0x0,0x0,0x0,0x0,0x0,0x0,0x0,0x0
TOP.SimTop.cpu.l_soc.core_with_l2.core.backend.inner_intExuBlock.exus_7.csr.csrMod.diffHCSRState_hcsr_hstatus,0x200000000,0x200000000,0x200000000,0x200000000,0x200000000,0x200000000,0x200000000,0x200000000,0x200000000,0x200000000,0x200000000,0x200000000,0x200000000
TOP.SimTop.cpu.l_soc.core_with_l2.core.backend.inner_intExuBlock.exus_7.csr.csrMod.diffHCSRState_hcsr_htinst,0x0,0x0,0x0,0x0,0x0,0x0,0x0,0x0,0x0,0x0,0x0,0x0,0x0
TOP.SimTop.cpu.l_soc.core_with_l2.core.backend.inner_intExuBlock.exus_7.csr.csrMod.diffHCSRState_hcsr_htval,0x0,0x0,0x0,0x0,0x0,0x0,0x0,0x0,0x0,0x0,0x0,0x0,0x0
TOP.SimTop.cpu.l_soc.core_with_l2.core.backend.inner_intExuBlock.exus_7.csr.csrMod.diffHCSRState_hcsr_mtinst,0x0,0x0,0x0,0x0,0x0,0x0,0x0,0x0,0x0,0x0,0x0,0x0,0x0
TOP.SimTop.cpu.l_soc.core_with_l2.core.backend.inner_intExuBlock.exus_7.csr.csrMod.diffHCSRState_hcsr_mtval2,0x0,0x0,0x0,0x0,0x0,0x0,0x0,0x0,0x0,0x0,0x0,0x0,0x0
TOP.SimTop.cpu.l_soc.core_with_l2.core.backend.inner_intExuBlock.exus_7.csr.csrMod.diffHCSRState_hcsr_virtMode,0x0,0x0,0x0,0x0,0x0,0x0,0x0,0x0,0x0,0x0,0x0,0x0,0x0
TOP.SimTop.cpu.l_soc.core_with_l2.core.backend.inner_intExuBlock.exus_7.csr.csrMod.diffHCSRState_hcsr_vsatp,0x0,0x0,0x0,0x0,0x0,0x0,0x0,0x0,0x0,0x0,0x0,0x0,0x0
TOP.SimTop.cpu.l_soc.core_with_l2.core.backend.inner_intExuBlock.exus_7.csr.csrMod.diffHCSRState_hcsr_vscause,0x0,0x0,0x0,0x0,0x0,0x0,0x0,0x0,0x0,0x0,0x0,0x0,0x0
TOP.SimTop.cpu.l_soc.core_with_l2.core.backend.inner_intExuBlock.exus_7.csr.csrMod.diffHCSRState_hcsr_vsepc,0x0,0x0,0x0,0x0,0x0,0x0,0x0,0x0,0x0,0x0,0x0,0x0,0x0
TOP.SimTop.cpu.l_soc.core_with_l2.core.backend.inner_intExuBlock.exus_7.csr.csrMod.diffHCSRState_hcsr_vsscratch,0x8bb78bad949246d3,0x8bb78bad949246d3,0x8bb78bad949246d3,0x8bb78bad949246d3,0x8bb78bad949246d3,0x8bb78bad949246d3,0x8bb78bad949246d3,0x8bb78bad949246d3,0x8bb78bad949246d3,0x8bb78bad949246d3,0x8bb78bad949246d3,0x8bb78bad949246d3,0x8bb78bad949246d3
TOP.SimTop.cpu.l_soc.core_with_l2.core.backend.inner_intExuBlock.exus_7.csr.csrMod.diffHCSRState_hcsr_vsstatus,0x200000000,0x200000000,0x200000000,0x200000000,0x200000000,0x200000000,0x200000000,0x200000000,0x200000000,0x200000000,0x200000000,0x200000000,0x200000000
TOP.SimTop.cpu.l_soc.core_with_l2.core.backend.inner_intExuBlock.exus_7.csr.csrMod.diffHCSRState_hcsr_vstval,0x0,0x0,0x0,0x0,0x0,0x0,0x0,0x0,0x0,0x0,0x0,0x0,0x0
TOP.SimTop.cpu.l_soc.core_with_l2.core.backend.inner_intExuBlock.exus_7.csr.csrMod.diffHCSRState_hcsr_vstvec,0x0,0x0,0x0,0x0,0x0,0x0,0x0,0x0,0x0,0x0,0x0,0x0,0x0
TOP.SimTop.cpu.l_soc.core_with_l2.core.backend.inner_intExuBlock.exus_7.csr.csrMod.diffMhpmeventOverflowEvent_mhpmevent_overflow_coreid,0x0,0x0,0x0,0x0,0x0,0x0,0x0,0x0,0x0,0x0,0x0,0x0,0x0
TOP.SimTop.cpu.l_soc.core_with_l2.core.backend.inner_intExuBlock.exus_7.csr.csrMod.diffMhpmeventOverflowEvent_mhpmevent_overflow_mhpmeventOverflow,0x0,0x0,0x0,0x0,0x0,0x0,0x0,0x0,0x0,0x0,0x0,0x0,0x0
TOP.SimTop.cpu.l_soc.core_with_l2.core.backend.inner_intExuBlock.exus_7.csr.csrMod.diffMhpmeventOverflowEvent_mhpmevent_overflow_valid,0x0,0x0,0x0,0x0,0x0,0x0,0x0,0x0,0x0,0x0,0x0,0x0,0x0
TOP.SimTop.cpu.l_soc.core_with_l2.core.backend.inner_intExuBlock.exus_7.csr.csrMod.diffMhpmeventOverflowEvent_valid_REG,0x0,0x0,0x0,0x0,0x0,0x0,0x0,0x0,0x0,0x0,0x0,0x0,0x0
TOP.SimTop.cpu.l_soc.core_with_l2.core.backend.inner_intExuBlock.exus_7.csr.csrMod.diffMhpmeventOverflowEvent_valid_REG_1,0x0,0x0,0x0,0x0,0x0,0x0,0x0,0x0,0x0,0x0,0x0,0x0,0x0
TOP.SimTop.cpu.l_soc.core_with_l2.core.backend.inner_intExuBlock.exus_7.csr.csrMod.diffMhpmeventOverflowEvent_valid_REG_10,0x0,0x0,0x0,0x0,0x0,0x0,0x0,0x0,0x0,0x0,0x0,0x0,0x0
TOP.SimTop.cpu.l_soc.core_with_l2.core.backend.inner_intExuBlock.exus_7.csr.csrMod.diffMhpmeventOverflowEvent_valid_REG_11,0x0,0x0,0x0,0x0,0x0,0x0,0x0,0x0,0x0,0x0,0x0,0x0,0x0
TOP.SimTop.cpu.l_soc.core_with_l2.core.backend.inner_intExuBlock.exus_7.csr.csrMod.diffMhpmeventOverflowEvent_valid_REG_12,0x0,0x0,0x0,0x0,0x0,0x0,0x0,0x0,0x0,0x0,0x0,0x0,0x0
TOP.SimTop.cpu.l_soc.core_with_l2.core.backend.inner_intExuBlock.exus_7.csr.csrMod.diffMhpmeventOverflowEvent_valid_REG_13,0x0,0x0,0x0,0x0,0x0,0x0,0x0,0x0,0x0,0x0,0x0,0x0,0x0
TOP.SimTop.cpu.l_soc.core_with_l2.core.backend.inner_intExuBlock.exus_7.csr.csrMod.diffMhpmeventOverflowEvent_valid_REG_14,0x0,0x0,0x0,0x0,0x0,0x0,0x0,0x0,0x0,0x0,0x0,0x0,0x0
TOP.SimTop.cpu.l_soc.core_with_l2.core.backend.inner_intExuBlock.exus_7.csr.csrMod.diffMhpmeventOverflowEvent_valid_REG_15,0x0,0x0,0x0,0x0,0x0,0x0,0x0,0x0,0x0,0x0,0x0,0x0,0x0
TOP.SimTop.cpu.l_soc.core_with_l2.core.backend.inner_intExuBlock.exus_7.csr.csrMod.diffMhpmeventOverflowEvent_valid_REG_16,0x0,0x0,0x0,0x0,0x0,0x0,0x0,0x0,0x0,0x0,0x0,0x0,0x0
TOP.SimTop.cpu.l_soc.core_with_l2.core.backend.inner_intExuBlock.exus_7.csr.csrMod.diffMhpmeventOverflowEvent_valid_REG_17,0x0,0x0,0x0,0x0,0x0,0x0,0x0,0x0,0x0,0x0,0x0,0x0,0x0
TOP.SimTop.cpu.l_soc.core_with_l2.core.backend.inner_intExuBlock.exus_7.csr.csrMod.diffMhpmeventOverflowEvent_valid_REG_18,0x0,0x0,0x0,0x0,0x0,0x0,0x0,0x0,0x0,0x0,0x0,0x0,0x0
TOP.SimTop.cpu.l_soc.core_with_l2.core.backend.inner_intExuBlock.exus_7.csr.csrMod.diffMhpmeventOverflowEvent_valid_REG_19,0x0,0x0,0x0,0x0,0x0,0x0,0x0,0x0,0x0,0x0,0x0,0x0,0x0
TOP.SimTop.cpu.l_soc.core_with_l2.core.backend.inner_intExuBlock.exus_7.csr.csrMod.diffMhpmeventOverflowEvent_valid_REG_2,0x0,0x0,0x0,0x0,0x0,0x0,0x0,0x0,0x0,0x0,0x0,0x0,0x0
TOP.SimTop.cpu.l_soc.core_with_l2.core.backend.inner_intExuBlock.exus_7.csr.csrMod.diffMhpmeventOverflowEvent_valid_REG_20,0x0,0x0,0x0,0x0,0x0,0x0,0x0,0x0,0x0,0x0,0x0,0x0,0x0
TOP.SimTop.cpu.l_soc.core_with_l2.core.backend.inner_intExuBlock.exus_7.csr.csrMod.diffMhpmeventOverflowEvent_valid_REG_21,0x0,0x0,0x0,0x0,0x0,0x0,0x0,0x0,0x0,0x0,0x0,0x0,0x0
TOP.SimTop.cpu.l_soc.core_with_l2.core.backend.inner_intExuBlock.exus_7.csr.csrMod.diffMhpmeventOverflowEvent_valid_REG_22,0x0,0x0,0x0,0x0,0x0,0x0,0x0,0x0,0x0,0x0,0x0,0x0,0x0
TOP.SimTop.cpu.l_soc.core_with_l2.core.backend.inner_intExuBlock.exus_7.csr.csrMod.diffMhpmeventOverflowEvent_valid_REG_23,0x0,0x0,0x0,0x0,0x0,0x0,0x0,0x0,0x0,0x0,0x0,0x0,0x0
TOP.SimTop.cpu.l_soc.core_with_l2.core.backend.inner_intExuBlock.exus_7.csr.csrMod.diffMhpmeventOverflowEvent_valid_REG_24,0x0,0x0,0x0,0x0,0x0,0x0,0x0,0x0,0x0,0x0,0x0,0x0,0x0
TOP.SimTop.cpu.l_soc.core_with_l2.core.backend.inner_intExuBlock.exus_7.csr.csrMod.diffMhpmeventOverflowEvent_valid_REG_25,0x0,0x0,0x0,0x0,0x0,0x0,0x0,0x0,0x0,0x0,0x0,0x0,0x0
TOP.SimTop.cpu.l_soc.core_with_l2.core.backend.inner_intExuBlock.exus_7.csr.csrMod.diffMhpmeventOverflowEvent_valid_REG_26,0x0,0x0,0x0,0x0,0x0,0x0,0x0,0x0,0x0,0x0,0x0,0x0,0x0
TOP.SimTop.cpu.l_soc.core_with_l2.core.backend.inner_intExuBlock.exus_7.csr.csrMod.diffMhpmeventOverflowEvent_valid_REG_27,0x0,0x0,0x0,0x0,0x0,0x0,0x0,0x0,0x0,0x0,0x0,0x0,0x0
TOP.SimTop.cpu.l_soc.core_with_l2.core.backend.inner_intExuBlock.exus_7.csr.csrMod.diffMhpmeventOverflowEvent_valid_REG_28,0x0,0x0,0x0,0x0,0x0,0x0,0x0,0x0,0x0,0x0,0x0,0x0,0x0
TOP.SimTop.cpu.l_soc.core_with_l2.core.backend.inner_intExuBlock.exus_7.csr.csrMod.diffMhpmeventOverflowEvent_valid_REG_29,0x0,0x0,0x0,0x0,0x0,0x0,0x0,0x0,0x0,0x0,0x0,0x0,0x0
TOP.SimTop.cpu.l_soc.core_with_l2.core.backend.inner_intExuBlock.exus_7.csr.csrMod.diffMhpmeventOverflowEvent_valid_REG_3,0x0,0x0,0x0,0x0,0x0,0x0,0x0,0x0,0x0,0x0,0x0,0x0,0x0
TOP.SimTop.cpu.l_soc.core_with_l2.core.backend.inner_intExuBlock.exus_7.csr.csrMod.diffMhpmeventOverflowEvent_valid_REG_30,0x0,0x0,0x0,0x0,0x0,0x0,0x0,0x0,0x0,0x0,0x0,0x0,0x0
TOP.SimTop.cpu.l_soc.core_with_l2.core.backend.inner_intExuBlock.exus_7.csr.csrMod.diffMhpmeventOverflowEvent_valid_REG_31,0x0,0x0,0x0,0x0,0x0,0x0,0x0,0x0,0x0,0x0,0x0,0x0,0x0
TOP.SimTop.cpu.l_soc.core_with_l2.core.backend.inner_intExuBlock.exus_7.csr.csrMod.diffMhpmeventOverflowEvent_valid_REG_32,0x0,0x0,0x0,0x0,0x0,0x0,0x0,0x0,0x0,0x0,0x0,0x0,0x0
TOP.SimTop.cpu.l_soc.core_with_l2.core.backend.inner_intExuBlock.exus_7.csr.csrMod.diffMhpmeventOverflowEvent_valid_REG_33,0x0,0x0,0x0,0x0,0x0,0x0,0x0,0x0,0x0,0x0,0x0,0x0,0x0
TOP.SimTop.cpu.l_soc.core_with_l2.core.backend.inner_intExuBlock.exus_7.csr.csrMod.diffMhpmeventOverflowEvent_valid_REG_34,0x0,0x0,0x0,0x0,0x0,0x0,0x0,0x0,0x0,0x0,0x0,0x0,0x0
TOP.SimTop.cpu.l_soc.core_with_l2.core.backend.inner_intExuBlock.exus_7.csr.csrMod.diffMhpmeventOverflowEvent_valid_REG_35,0x0,0x0,0x0,0x0,0x0,0x0,0x0,0x0,0x0,0x0,0x0,0x0,0x0
TOP.SimTop.cpu.l_soc.core_with_l2.core.backend.inner_intExuBlock.exus_7.csr.csrMod.diffMhpmeventOverflowEvent_valid_REG_36,0x0,0x0,0x0,0x0,0x0,0x0,0x0,0x0,0x0,0x0,0x0,0x0,0x0
TOP.SimTop.cpu.l_soc.core_with_l2.core.backend.inner_intExuBlock.exus_7.csr.csrMod.diffMhpmeventOverflowEvent_valid_REG_37,0x0,0x0,0x0,0x0,0x0,0x0,0x0,0x0,0x0,0x0,0x0,0x0,0x0
TOP.SimTop.cpu.l_soc.core_with_l2.core.backend.inner_intExuBlock.exus_7.csr.csrMod.diffMhpmeventOverflowEvent_valid_REG_38,0x0,0x0,0x0,0x0,0x0,0x0,0x0,0x0,0x0,0x0,0x0,0x0,0x0
TOP.SimTop.cpu.l_soc.core_with_l2.core.backend.inner_intExuBlock.exus_7.csr.csrMod.diffMhpmeventOverflowEvent_valid_REG_39,0x0,0x0,0x0,0x0,0x0,0x0,0x0,0x0,0x0,0x0,0x0,0x0,0x0
TOP.SimTop.cpu.l_soc.core_with_l2.core.backend.inner_intExuBlock.exus_7.csr.csrMod.diffMhpmeventOverflowEvent_valid_REG_4,0x0,0x0,0x0,0x0,0x0,0x0,0x0,0x0,0x0,0x0,0x0,0x0,0x0
TOP.SimTop.cpu.l_soc.core_with_l2.core.backend.inner_intExuBlock.exus_7.csr.csrMod.diffMhpmeventOverflowEvent_valid_REG_40,0x0,0x0,0x0,0x0,0x0,0x0,0x0,0x0,0x0,0x0,0x0,0x0,0x0
TOP.SimTop.cpu.l_soc.core_with_l2.core.backend.inner_intExuBlock.exus_7.csr.csrMod.diffMhpmeventOverflowEvent_valid_REG_41,0x0,0x0,0x0,0x0,0x0,0x0,0x0,0x0,0x0,0x0,0x0,0x0,0x0
TOP.SimTop.cpu.l_soc.core_with_l2.core.backend.inner_intExuBlock.exus_7.csr.csrMod.diffMhpmeventOverflowEvent_valid_REG_42,0x0,0x0,0x0,0x0,0x0,0x0,0x0,0x0,0x0,0x0,0x0,0x0,0x0
TOP.SimTop.cpu.l_soc.core_with_l2.core.backend.inner_intExuBlock.exus_7.csr.csrMod.diffMhpmeventOverflowEvent_valid_REG_43,0x0,0x0,0x0,0x0,0x0,0x0,0x0,0x0,0x0,0x0,0x0,0x0,0x0
TOP.SimTop.cpu.l_soc.core_with_l2.core.backend.inner_intExuBlock.exus_7.csr.csrMod.diffMhpmeventOverflowEvent_valid_REG_44,0x0,0x0,0x0,0x0,0x0,0x0,0x0,0x0,0x0,0x0,0x0,0x0,0x0
TOP.SimTop.cpu.l_soc.core_with_l2.core.backend.inner_intExuBlock.exus_7.csr.csrMod.diffMhpmeventOverflowEvent_valid_REG_45,0x0,0x0,0x0,0x0,0x0,0x0,0x0,0x0,0x0,0x0,0x0,0x0,0x0
TOP.SimTop.cpu.l_soc.core_with_l2.core.backend.inner_intExuBlock.exus_7.csr.csrMod.diffMhpmeventOverflowEvent_valid_REG_46,0x0,0x0,0x0,0x0,0x0,0x0,0x0,0x0,0x0,0x0,0x0,0x0,0x0
TOP.SimTop.cpu.l_soc.core_with_l2.core.backend.inner_intExuBlock.exus_7.csr.csrMod.diffMhpmeventOverflowEvent_valid_REG_47,0x0,0x0,0x0,0x0,0x0,0x0,0x0,0x0,0x0,0x0,0x0,0x0,0x0
TOP.SimTop.cpu.l_soc.core_with_l2.core.backend.inner_intExuBlock.exus_7.csr.csrMod.diffMhpmeventOverflowEvent_valid_REG_48,0x0,0x0,0x0,0x0,0x0,0x0,0x0,0x0,0x0,0x0,0x0,0x0,0x0
TOP.SimTop.cpu.l_soc.core_with_l2.core.backend.inner_intExuBlock.exus_7.csr.csrMod.diffMhpmeventOverflowEvent_valid_REG_49,0x0,0x0,0x0,0x0,0x0,0x0,0x0,0x0,0x0,0x0,0x0,0x0,0x0
TOP.SimTop.cpu.l_soc.core_with_l2.core.backend.inner_intExuBlock.exus_7.csr.csrMod.diffMhpmeventOverflowEvent_valid_REG_5,0x0,0x0,0x0,0x0,0x0,0x0,0x0,0x0,0x0,0x0,0x0,0x0,0x0
TOP.SimTop.cpu.l_soc.core_with_l2.core.backend.inner_intExuBlock.exus_7.csr.csrMod.diffMhpmeventOverflowEvent_valid_REG_50,0x0,0x0,0x0,0x0,0x0,0x0,0x0,0x0,0x0,0x0,0x0,0x0,0x0
TOP.SimTop.cpu.l_soc.core_with_l2.core.backend.inner_intExuBlock.exus_7.csr.csrMod.diffMhpmeventOverflowEvent_valid_REG_51,0x0,0x0,0x0,0x0,0x0,0x0,0x0,0x0,0x0,0x0,0x0,0x0,0x0
TOP.SimTop.cpu.l_soc.core_with_l2.core.backend.inner_intExuBlock.exus_7.csr.csrMod.diffMhpmeventOverflowEvent_valid_REG_52,0x0,0x0,0x0,0x0,0x0,0x0,0x0,0x0,0x0,0x0,0x0,0x0,0x0
TOP.SimTop.cpu.l_soc.core_with_l2.core.backend.inner_intExuBlock.exus_7.csr.csrMod.diffMhpmeventOverflowEvent_valid_REG_53,0x0,0x0,0x0,0x0,0x0,0x0,0x0,0x0,0x0,0x0,0x0,0x0,0x0
TOP.SimTop.cpu.l_soc.core_with_l2.core.backend.inner_intExuBlock.exus_7.csr.csrMod.diffMhpmeventOverflowEvent_valid_REG_54,0x0,0x0,0x0,0x0,0x0,0x0,0x0,0x0,0x0,0x0,0x0,0x0,0x0
TOP.SimTop.cpu.l_soc.core_with_l2.core.backend.inner_intExuBlock.exus_7.csr.csrMod.diffMhpmeventOverflowEvent_valid_REG_55,0x0,0x0,0x0,0x0,0x0,0x0,0x0,0x0,0x0,0x0,0x0,0x0,0x0
TOP.SimTop.cpu.l_soc.core_with_l2.core.backend.inner_intExuBlock.exus_7.csr.csrMod.diffMhpmeventOverflowEvent_valid_REG_56,0x0,0x0,0x0,0x0,0x0,0x0,0x0,0x0,0x0,0x0,0x0,0x0,0x0
TOP.SimTop.cpu.l_soc.core_with_l2.core.backend.inner_intExuBlock.exus_7.csr.csrMod.diffMhpmeventOverflowEvent_valid_REG_57,0x0,0x0,0x0,0x0,0x0,0x0,0x0,0x0,0x0,0x0,0x0,0x0,0x0
TOP.SimTop.cpu.l_soc.core_with_l2.core.backend.inner_intExuBlock.exus_7.csr.csrMod.diffMhpmeventOverflowEvent_valid_REG_6,0x0,0x0,0x0,0x0,0x0,0x0,0x0,0x0,0x0,0x0,0x0,0x0,0x0
TOP.SimTop.cpu.l_soc.core_with_l2.core.backend.inner_intExuBlock.exus_7.csr.csrMod.diffMhpmeventOverflowEvent_valid_REG_7,0x0,0x0,0x0,0x0,0x0,0x0,0x0,0x0,0x0,0x0,0x0,0x0,0x0
TOP.SimTop.cpu.l_soc.core_with_l2.core.backend.inner_intExuBlock.exus_7.csr.csrMod.diffMhpmeventOverflowEvent_valid_REG_8,0x0,0x0,0x0,0x0,0x0,0x0,0x0,0x0,0x0,0x0,0x0,0x0,0x0
TOP.SimTop.cpu.l_soc.core_with_l2.core.backend.inner_intExuBlock.exus_7.csr.csrMod.diffMhpmeventOverflowEvent_valid_REG_9,0x0,0x0,0x0,0x0,0x0,0x0,0x0,0x0,0x0,0x0,0x0,0x0,0x0
TOP.SimTop.cpu.l_soc.core_with_l2.core.backend.inner_intExuBlock.exus_7.csr.csrMod.diffNonRegInterruptPendingEvent_non_reg_interrupt_pending_coreid,0x0,0x0,0x0,0x0,0x0,0x0,0x0,0x0,0x0,0x0,0x0,0x0,0x0
TOP.SimTop.cpu.l_soc.core_with_l2.core.backend.inner_intExuBlock.exus_7.csr.csrMod.diffNonRegInterruptPendingEvent_non_reg_interrupt_pending_fromAIAMeip,0x0,0x0,0x0,0x0,0x0,0x0,0x0,0x0,0x0,0x0,0x0,0x0,0x0
TOP.SimTop.cpu.l_soc.core_with_l2.core.backend.inner_intExuBlock.exus_7.csr.csrMod.diffNonRegInterruptPendingEvent_non_reg_interrupt_pending_fromAIASeip,0x0,0x0,0x0,0x0,0x0,0x0,0x0,0x0,0x0,0x0,0x0,0x0,0x0
TOP.SimTop.cpu.l_soc.core_with_l2.core.backend.inner_intExuBlock.exus_7.csr.csrMod.diffNonRegInterruptPendingEvent_non_reg_interrupt_pending_localCounterOverflowInterruptReq,0x0,0x0,0x0,0x0,0x0,0x0,0x0,0x0,0x0,0x0,0x0,0x0,0x0
TOP.SimTop.cpu.l_soc.core_with_l2.core.backend.inner_intExuBlock.exus_7.csr.csrMod.diffNonRegInterruptPendingEvent_non_reg_interrupt_pending_platformIRPMeip,0x0,0x0,0x0,0x0,0x0,0x0,0x0,0x0,0x0,0x0,0x0,0x0,0x0
TOP.SimTop.cpu.l_soc.core_with_l2.core.backend.inner_intExuBlock.exus_7.csr.csrMod.diffNonRegInterruptPendingEvent_non_reg_interrupt_pending_platformIRPMsip,0x0,0x0,0x0,0x0,0x0,0x0,0x0,0x0,0x0,0x0,0x0,0x0,0x0
TOP.SimTop.cpu.l_soc.core_with_l2.core.backend.inner_intExuBlock.exus_7.csr.csrMod.diffNonRegInterruptPendingEvent_non_reg_interrupt_pending_platformIRPMtip,0x0,0x0,0x0,0x0,0x0,0x0,0x0,0x0,0x0,0x0,0x0,0x0,0x0
TOP.SimTop.cpu.l_soc.core_with_l2.core.backend.inner_intExuBlock.exus_7.csr.csrMod.diffNonRegInterruptPendingEvent_non_reg_interrupt_pending_platformIRPSeip,0x0,0x0,0x0,0x0,0x0,0x0,0x0,0x0,0x0,0x0,0x0,0x0,0x0
TOP.SimTop.cpu.l_soc.core_with_l2.core.backend.inner_intExuBlock.exus_7.csr.csrMod.diffNonRegInterruptPendingEvent_non_reg_interrupt_pending_platformIRPStip,0x0,0x0,0x0,0x0,0x0,0x0,0x0,0x0,0x0,0x0,0x0,0x0,0x0
TOP.SimTop.cpu.l_soc.core_with_l2.core.backend.inner_intExuBlock.exus_7.csr.csrMod.diffNonRegInterruptPendingEvent_non_reg_interrupt_pending_platformIRPVseip,0x0,0x0,0x0,0x0,0x0,0x0,0x0,0x0,0x0,0x0,0x0,0x0,0x0
TOP.SimTop.cpu.l_soc.core_with_l2.core.backend.inner_intExuBlock.exus_7.csr.csrMod.diffNonRegInterruptPendingEvent_non_reg_interrupt_pending_platformIRPVstip,0x0,0x0,0x0,0x0,0x0,0x0,0x0,0x0,0x0,0x0,0x0,0x0,0x0
TOP.SimTop.cpu.l_soc.core_with_l2.core.backend.inner_intExuBlock.exus_7.csr.csrMod.diffNonRegInterruptPendingEvent_non_reg_interrupt_pending_valid,0x0,0x0,0x0,0x0,0x0,0x0,0x0,0x0,0x0,0x0,0x0,0x0,0x0
TOP.SimTop.cpu.l_soc.core_with_l2.core.backend.inner_intExuBlock.exus_7.csr.csrMod.diffNonRegInterruptPendingEvent_valid_REG,0x0,0x0,0x0,0x0,0x0,0x0,0x0,0x0,0x0,0x0,0x0,0x0,0x0
TOP.SimTop.cpu.l_soc.core_with_l2.core.backend.inner_intExuBlock.exus_7.csr.csrMod.diffSyncAIAEvent_sync_aia_coreid,0x0,0x0,0x0,0x0,0x0,0x0,0x0,0x0,0x0,0x0,0x0,0x0,0x0
TOP.SimTop.cpu.l_soc.core_with_l2.core.backend.inner_intExuBlock.exus_7.csr.csrMod.diffSyncAIAEvent_sync_aia_hgeip,0x0,0x0,0x0,0x0,0x0,0x0,0x0,0x0,0x0,0x0,0x0,0x0,0x0
TOP.SimTop.cpu.l_soc.core_with_l2.core.backend.inner_intExuBlock.exus_7.csr.csrMod.diffSyncAIAEvent_sync_aia_mtopei,0x0,0x0,0x0,0x0,0x0,0x0,0x0,0x0,0x0,0x0,0x0,0x0,0x0
TOP.SimTop.cpu.l_soc.core_with_l2.core.backend.inner_intExuBlock.exus_7.csr.csrMod.diffSyncAIAEvent_sync_aia_stopei,0x0,0x0,0x0,0x0,0x0,0x0,0x0,0x0,0x0,0x0,0x0,0x0,0x0
TOP.SimTop.cpu.l_soc.core_with_l2.core.backend.inner_intExuBlock.exus_7.csr.csrMod.diffSyncAIAEvent_sync_aia_valid,0x0,0x0,0x0,0x0,0x0,0x0,0x0,0x0,0x0,0x0,0x0,0x0,0x0
TOP.SimTop.cpu.l_soc.core_with_l2.core.backend.inner_intExuBlock.exus_7.csr.csrMod.diffSyncAIAEvent_sync_aia_vstopei,0x0,0x0,0x0,0x0,0x0,0x0,0x0,0x0,0x0,0x0,0x0,0x0,0x0
TOP.SimTop.cpu.l_soc.core_with_l2.core.backend.inner_intExuBlock.exus_7.csr.csrMod.diffTriggerCSRState_triggercsr_coreid,0x0,0x0,0x0,0x0,0x0,0x0,0x0,0x0,0x0,0x0,0x0,0x0,0x0
TOP.SimTop.cpu.l_soc.core_with_l2.core.backend.inner_intExuBlock.exus_7.csr.csrMod.diffTriggerCSRState_triggercsr_tdata1,0xf000000000000000,0xf000000000000000,0xf000000000000000,0xf000000000000000,0xf000000000000000,0xf000000000000000,0xf000000000000000,0xf000000000000000,0xf000000000000000,0xf000000000000000,0xf000000000000000,0xf000000000000000,0xf000000000000000
TOP.SimTop.cpu.l_soc.core_with_l2.core.backend.inner_intExuBlock.exus_7.csr.csrMod.diffTriggerCSRState_triggercsr_tinfo,0x40,0x40,0x40,0x40,0x40,0x40,0x40,0x40,0x40,0x40,0x40,0x40,0x40
TOP.SimTop.cpu.l_soc.core_with_l2.core.backend.inner_intExuBlock.exus_7.csr.csrMod.diffTriggerCSRState_triggercsr_tselect,0x0,0x0,0x0,0x0,0x0,0x0,0x0,0x0,0x0,0x0,0x0,0x0,0x0
TOP.SimTop.cpu.l_soc.core_with_l2.core.backend.inner_intExuBlock.exus_7.csr.csrMod.diffVecCSRState_vcsr_coreid,0x0,0x0,0x0,0x0,0x0,0x0,0x0,0x0,0x0,0x0,0x0,0x0,0x0
TOP.SimTop.cpu.l_soc.core_with_l2.core.backend.inner_intExuBlock.exus_7.csr.csrMod.diffVecCSRState_vcsr_vcsr,0x1,0x1,0x1,0x1,0x1,0x1,0x1,0x1,0x1,0x1,0x1,0x1,0x1
TOP.SimTop.cpu.l_soc.core_with_l2.core.backend.inner_intExuBlock.exus_7.csr.csrMod.diffVecCSRState_vcsr_vl,0x0,0x0,0x0,0x0,0x0,0x0,0x0,0x0,0x0,0x0,0x0,0x0,0x0
TOP.SimTop.cpu.l_soc.core_with_l2.core.backend.inner_intExuBlock.exus_7.csr.csrMod.diffVecCSRState_vcsr_vlenb,0x10,0x10,0x10,0x10,0x10,0x10,0x10,0x10,0x10,0x10,0x10,0x10,0x10
TOP.SimTop.cpu.l_soc.core_with_l2.core.backend.inner_intExuBlock.exus_7.csr.csrMod.diffVecCSRState_vcsr_vstart,0x0,0x0,0x0,0x0,0x0,0x0,0x0,0x0,0x0,0x0,0x0,0x0,0x0
TOP.SimTop.cpu.l_soc.core_with_l2.core.backend.inner_intExuBlock.exus_7.csr.csrMod.diffVecCSRState_vcsr_vtype,0x8000000000000000,0x8000000000000000,0x8000000000000000,0x8000000000000000,0x8000000000000000,0x8000000000000000,0x8000000000000000,0x8000000000000000,0x8000000000000000,0x8000000000000000,0x8000000000000000,0x8000000000000000,0x8000000000000000
TOP.SimTop.cpu.l_soc.core_with_l2.core.backend.inner_intExuBlock.exus_7.csr.csrMod.diffVecCSRState_vcsr_vxrm,0x0,0x0,0x0,0x0,0x0,0x0,0x0,0x0,0x0,0x0,0x0,0x0,0x0
TOP.SimTop.cpu.l_soc.core_with_l2.core.backend.inner_intExuBlock.exus_7.csr.csrMod.diffVecCSRState_vcsr_vxsat,0x1,0x1,0x1,0x1,0x1,0x1,0x1,0x1,0x1,0x1,0x1,0x1,0x1
TOP.SimTop.cpu.l_soc.core_with_l2.core.backend.inner_intExuBlock.exus_7.csr.csrMod.diffVecCSRState_vl_REG,0x0,0x0,0x0,0x0,0x0,0x0,0x0,0x0,0x0,0x0,0x0,0x0,0x0
