cycle,time_ps,rob_flush,flush_rob,flush_level,rob_exception,rob_state,exception_selected,selected_rob,selected_isEnqExcp,csr_trap,csr_trap_pc,csr_trap_vector,target_update,csr_target,csr_state,csr_in_valid,csr_in_ready,csr_in_rob,csr_out_valid,csr_out_ready,csr_out_rob,csr_out_ex11,csr_out_ex2,xret_redirect,frontend_redirect,frontend_target,frontend_ftq,frontend_offset,frontend_level,frontend_mispred,fetch_valid,fetch_ready,fetch_start,mepc,mcause,mtval,mstatus
4190,8380,0x0,0x3,0x0,0x0,0x0,0x0,0x28,0x0,0x0,0x800005ee,0xeee2e1,0x0,0x38020800,0x0,0x0,0x1,0xcd,0x0,0x1,0x46,0x0,0x0,0x0,0x0,0x80000000,0x2,0x0,0x0,0x1,0x1,0x0,0x80000040,0x0,0x0,0x0,0xa00000000
4191,8382,0x0,0x3,0x0,0x0,0x0,0x0,0x28,0x0,0x0,0x800005ee,0xeee2e1,0x0,0x38020800,0x0,0x0,0x1,0xcd,0x0,0x1,0x46,0x0,0x0,0x0,0x0,0x80000000,0x2,0x0,0x0,0x1,0x1,0x0,0x80000040,0x0,0x0,0x0,0xa00000000
4192,8384,0x0,0x3,0x0,0x0,0x0,0x0,0x28,0x0,0x0,0x800005ee,0xeee2e1,0x0,0x38020800,0x0,0x0,0x1,0xcd,0x0,0x1,0x46,0x0,0x0,0x0,0x0,0x80000000,0x2,0x0,0x0,0x1,0x1,0x0,0x80000040,0x0,0x0,0x0,0xa00000000
4193,8386,0x0,0x3,0x0,0x0,0x0,0x0,0x28,0x0,0x0,0x800005ee,0xeee2e1,0x0,0x38020800,0x0,0x0,0x1,0xcd,0x0,0x1,0x46,0x0,0x0,0x0,0x0,0x80000000,0x2,0x0,0x0,0x1,0x1,0x0,0x80000040,0x0,0x0,0x0,0xa00000000
4194,8388,0x0,0x3,0x0,0x0,0x0,0x0,0x28,0x0,0x0,0x800005ee,0xeee2e1,0x0,0x38020800,0x0,0x0,0x1,0xcd,0x0,0x1,0x46,0x0,0x0,0x0,0x0,0x80000000,0x2,0x0,0x0,0x1,0x1,0x0,0x80000040,0x0,0x0,0x0,0xa00000000
4195,8390,0x0,0x3,0x0,0x0,0x0,0x0,0x28,0x0,0x0,0x800005ee,0xeee2e1,0x0,0x38020800,0x0,0x0,0x1,0xcd,0x0,0x1,0x46,0x0,0x0,0x0,0x0,0x80000000,0x2,0x0,0x0,0x1,0x1,0x0,0x80000040,0x0,0x0,0x0,0xa00000000
4196,8392,0x0,0x3,0x0,0x0,0x0,0x0,0x28,0x0,0x0,0x800005ee,0xeee2e1,0x0,0x38020800,0x0,0x0,0x1,0xcd,0x0,0x1,0x46,0x0,0x0,0x0,0x0,0x80000000,0x2,0x0,0x0,0x1,0x1,0x0,0x80000040,0x0,0x0,0x0,0xa00000000
4197,8394,0x0,0x3,0x0,0x0,0x0,0x0,0x28,0x0,0x0,0x800005ee,0xeee2e1,0x0,0x38020800,0x0,0x0,0x1,0xcd,0x0,0x1,0x46,0x0,0x0,0x0,0x0,0x80000000,0x2,0x0,0x0,0x1,0x1,0x0,0x80000040,0x0,0x0,0x0,0xa00000000
4198,8396,0x0,0x3,0x0,0x0,0x0,0x0,0x28,0x0,0x0,0x800005ee,0xeee2e1,0x0,0x38020800,0x0,0x0,0x1,0xcd,0x0,0x1,0x46,0x0,0x0,0x0,0x0,0x80000000,0x2,0x0,0x0,0x1,0x1,0x1,0x80000040,0x0,0x0,0x0,0xa00000000
4199,8398,0x0,0x3,0x0,0x0,0x0,0x0,0x28,0x0,0x0,0x800005ee,0xeee2e1,0x0,0x38020800,0x0,0x0,0x1,0xcd,0x0,0x1,0x46,0x0,0x0,0x0,0x0,0x80000000,0x2,0x0,0x0,0x1,0x1,0x0,0x80000060,0x0,0x0,0x0,0xa00000000
4200,8400,0x0,0x3,0x0,0x0,0x0,0x0,0x28,0x0,0x0,0x800005ee,0xeee2e1,0x0,0x38020800,0x0,0x0,0x1,0xcd,0x0,0x1,0x46,0x0,0x0,0x0,0x0,0x80000000,0x2,0x0,0x0,0x1,0x1,0x0,0x80000060,0x0,0x0,0x0,0xa00000000
4201,8402,0x0,0x3,0x0,0x0,0x0,0x0,0x28,0x0,0x0,0x800005ee,0xeee2e1,0x0,0x38020800,0x0,0x0,0x1,0xcd,0x0,0x1,0x46,0x0,0x0,0x0,0x0,0x80000000,0x2,0x0,0x0,0x1,0x1,0x1,0x80000060,0x0,0x0,0x0,0xa00000000
4202,8404,0x0,0x3,0x0,0x0,0x0,0x0,0x28,0x0,0x0,0x800005ee,0xeee2e1,0x0,0x38020800,0x0,0x0,0x1,0xcd,0x0,0x1,0x46,0x0,0x0,0x0,0x0,0x80000000,0x2,0x0,0x0,0x1,0x1,0x1,0x80000080,0x0,0x0,0x0,0xa00000000
4203,8406,0x0,0x3,0x0,0x0,0x0,0x0,0x28,0x0,0x0,0x800005ee,0xeee2e1,0x0,0x38020800,0x0,0x0,0x1,0xcd,0x0,0x1,0x46,0x0,0x0,0x0,0x0,0x80000000,0x2,0x0,0x0,0x1,0x1,0x0,0x800000a0,0x0,0x0,0x0,0xa00000000
4204,8408,0x0,0x3,0x0,0x0,0x0,0x0,0x28,0x0,0x0,0x800005ee,0xeee2e1,0x0,0x38020800,0x0,0x0,0x1,0xcd,0x0,0x1,0x46,0x0,0x0,0x0,0x0,0x80000000,0x2,0x0,0x0,0x1,0x1,0x1,0x800000a0,0x0,0x0,0x0,0xa00000000
4205,8410,0x0,0x3,0x0,0x0,0x0,0x0,0x28,0x0,0x0,0x800005ee,0xeee2e1,0x0,0x38020800,0x0,0x0,0x1,0xcd,0x0,0x1,0x46,0x0,0x0,0x0,0x0,0x80000000,0x2,0x0,0x0,0x1,0x1,0x1,0x800000c0,0x0,0x0,0x0,0xa00000000
4206,8412,0x0,0x3,0x0,0x0,0x0,0x0,0x28,0x0,0x0,0x800005ee,0xeee2e1,0x0,0x38020800,0x0,0x1,0x1,0x3,0x0,0x1,0x46,0x0,0x0,0x0,0x0,0x80000000,0x2,0x0,0x0,0x1,0x1,0x0,0x800000e0,0x0,0x0,0x0,0xa00000000
4207,8414,0x0,0x3,0x0,0x0,0x0,0x0,0x28,0x0,0x0,0x800005ee,0xeee2e1,0x0,0x38020800,0x2,0x0,0x0,0x3,0x1,0x1,0x3,0x0,0x0,0x0,0x0,0x80000000,0x2,0x0,0x0,0x1,0x1,0x0,0x800000e0,0x0,0x0,0x0,0xa00000000
4208,8416,0x0,0x3,0x0,0x0,0x0,0x0,0x28,0x0,0x0,0x800005ee,0xeee2e1,0x0,0x38020800,0x0,0x0,0x1,0x3,0x0,0x1,0x3,0x0,0x0,0x0,0x0,0x80000000,0x2,0x0,0x0,0x1,0x0,0x0,0x800000e0,0x0,0x0,0x0,0xa00000000
4209,8418,0x0,0x3,0x0,0x0,0x0,0x0,0x28,0x0,0x0,0x800005ee,0xeee2e1,0x0,0x38020800,0x0,0x0,0x1,0x3,0x0,0x1,0x3,0x0,0x0,0x0,0x0,0x80000000,0x2,0x0,0x0,0x1,0x0,0x0,0x800000a0,0x0,0x0,0x0,0xa00000000
4210,8420,0x0,0x4,0x0,0x0,0x0,0x0,0x28,0x0,0x0,0x800005ee,0xeee2e1,0x0,0x38020800,0x0,0x0,0x1,0x3,0x0,0x1,0x3,0x0,0x0,0x0,0x0,0x80000000,0x2,0x0,0x0,0x1,0x0,0x0,0x800000a0,0x0,0x0,0x0,0xa00000000
4211,8422,0x0,0x4,0x0,0x0,0x0,0x0,0x28,0x0,0x0,0x800005ee,0xeee2e1,0x0,0x38020800,0x0,0x0,0x1,0x3,0x0,0x1,0x3,0x0,0x0,0x0,0x0,0x80000000,0x2,0x0,0x0,0x1,0x1,0x0,0x80000094,0x0,0x0,0x0,0xa00000000
4212,8424,0x0,0x4,0x0,0x0,0x0,0x0,0x28,0x0,0x0,0x800005ee,0xeee2e1,0x0,0x38020800,0x0,0x0,0x1,0x3,0x0,0x1,0x3,0x0,0x0,0x0,0x0,0x80000000,0x2,0x0,0x0,0x1,0x1,0x1,0x80000094,0x0,0x0,0x0,0xa00000000
4213,8426,0x0,0x4,0x0,0x0,0x0,0x0,0x28,0x0,0x0,0x800005ee,0xeee2e1,0x0,0x38020800,0x0,0x0,0x1,0x3,0x0,0x1,0x3,0x0,0x0,0x0,0x0,0x80000000,0x2,0x0,0x0,0x1,0x1,0x1,0x800000b4,0x0,0x0,0x0,0xa00000000
4214,8428,0x0,0x4,0x0,0x0,0x0,0x0,0x28,0x0,0x0,0x800005ee,0xeee2e1,0x0,0x38020800,0x0,0x0,0x1,0x3,0x0,0x1,0x3,0x0,0x0,0x0,0x0,0x80000000,0x2,0x0,0x0,0x1,0x1,0x1,0x800000d4,0x0,0x0,0x0,0xa00000000
4215,8430,0x0,0x4,0x0,0x0,0x0,0x0,0x28,0x0,0x0,0x800005ee,0xeee2e1,0x0,0x38020800,0x0,0x1,0x1,0x4,0x0,0x1,0x3,0x0,0x0,0x0,0x0,0x80000000,0x2,0x0,0x0,0x1,0x1,0x1,0x800000f4,0x0,0x0,0x0,0xa00000000
4216,8432,0x0,0x4,0x0,0x0,0x0,0x0,0x28,0x0,0x0,0x800005ee,0xeee2e1,0x0,0x38020800,0x2,0x0,0x0,0x4,0x1,0x1,0x4,0x0,0x0,0x0,0x0,0x80000000,0x2,0x0,0x0,0x1,0x1,0x0,0x80000114,0x0,0x0,0x0,0xa00000000
4217,8434,0x0,0x4,0x0,0x0,0x0,0x0,0x28,0x0,0x0,0x800005ee,0xeee2e1,0x0,0x38020800,0x0,0x0,0x1,0x4,0x0,0x1,0x4,0x0,0x0,0x0,0x0,0x80000000,0x2,0x0,0x0,0x1,0x0,0x0,0x80000114,0x0,0x0,0x0,0xa00000000
4218,8436,0x0,0x4,0x0,0x0,0x0,0x0,0x28,0x0,0x0,0x800005ee,0xeee2e1,0x0,0x38020800,0x0,0x0,0x1,0x4,0x0,0x1,0x4,0x0,0x0,0x0,0x0,0x80000000,0x2,0x0,0x0,0x1,0x0,0x0,0x800000b4,0x0,0x0,0x0,0xa00000000
4219,8438,0x0,0x5,0x0,0x0,0x0,0x0,0x28,0x0,0x0,0x800005ee,0xeee2e1,0x0,0x38020800,0x0,0x0,0x1,0x4,0x0,0x1,0x4,0x0,0x0,0x0,0x0,0x80000000,0x2,0x0,0x0,0x1,0x0,0x0,0x800000b4,0x0,0x0,0x0,0xa00000000
4220,8440,0x0,0x5,0x0,0x0,0x0,0x0,0x28,0x0,0x0,0x800005ee,0xeee2e1,0x0,0x38020800,0x0,0x0,0x1,0x4,0x0,0x1,0x4,0x0,0x0,0x0,0x0,0x80000000,0x2,0x0,0x0,0x1,0x1,0x0,0x80000094,0x0,0x0,0x0,0xa00000000
4221,8442,0x0,0x5,0x0,0x0,0x0,0x0,0x28,0x0,0x0,0x800005ee,0xeee2e1,0x0,0x38020800,0x0,0x0,0x1,0x4,0x0,0x1,0x4,0x0,0x0,0x0,0x0,0x80000000,0x2,0x0,0x0,0x1,0x1,0x1,0x80000094,0x0,0x0,0x0,0xa00000000
4222,8444,0x0,0x5,0x0,0x0,0x0,0x0,0x28,0x0,0x0,0x800005ee,0xeee2e1,0x0,0x38020800,0x0,0x0,0x1,0x4,0x0,0x1,0x4,0x0,0x0,0x0,0x0,0x80000000,0x2,0x0,0x0,0x1,0x1,0x1,0x800000b4,0x0,0x0,0x0,0xa00000000
4223,8446,0x0,0x5,0x0,0x0,0x0,0x0,0x28,0x0,0x0,0x800005ee,0xeee2e1,0x0,0x38020800,0x0,0x0,0x1,0x4,0x0,0x1,0x4,0x0,0x0,0x0,0x0,0x80000000,0x2,0x0,0x0,0x1,0x1,0x1,0x800000d4,0x0,0x0,0x0,0xa00000000
4224,8448,0x0,0x5,0x0,0x0,0x0,0x0,0x28,0x0,0x0,0x800005ee,0xeee2e1,0x0,0x38020800,0x0,0x1,0x1,0x5,0x0,0x1,0x4,0x0,0x0,0x0,0x0,0x80000000,0x2,0x0,0x0,0x1,0x1,0x1,0x800000f4,0x0,0x0,0x0,0xa00000000
4225,8450,0x0,0x5,0x0,0x0,0x0,0x0,0x28,0x0,0x0,0x800005ee,0xeee2e1,0x0,0x38020800,0x2,0x0,0x0,0x5,0x1,0x1,0x5,0x0,0x0,0x0,0x0,0x80000000,0x2,0x0,0x0,0x1,0x1,0x0,0x80000114,0x0,0x0,0x0,0xa00000000
4226,8452,0x0,0x5,0x0,0x0,0x0,0x0,0x28,0x0,0x0,0x800005ee,0xeee2e1,0x0,0x38020800,0x0,0x0,0x1,0x5,0x0,0x1,0x5,0x0,0x0,0x0,0x0,0x80000000,0x2,0x0,0x0,0x1,0x0,0x0,0x80000114,0x0,0x0,0x0,0xa00000000
4227,8454,0x0,0x5,0x0,0x0,0x0,0x0,0x28,0x0,0x0,0x800005ee,0xeee2e1,0x0,0x38020800,0x0,0x0,0x1,0x5,0x0,0x1,0x5,0x0,0x0,0x0,0x0,0x80000000,0x2,0x0,0x0,0x1,0x0,0x0,0x800000b4,0x0,0x0,0x0,0xa00000000
4228,8456,0x0,0x6,0x0,0x0,0x0,0x0,0x28,0x0,0x0,0x800005ee,0xeee2e1,0x0,0x38020800,0x0,0x0,0x1,0x5,0x0,0x1,0x5,0x0,0x0,0x0,0x0,0x80000000,0x2,0x0,0x0,0x1,0x0,0x0,0x800000b4,0x0,0x0,0x0,0xa00000000
4229,8458,0x0,0x6,0x0,0x0,0x0,0x0,0x28,0x0,0x0,0x800005ee,0xeee2e1,0x0,0x38020800,0x0,0x0,0x1,0x5,0x0,0x1,0x5,0x0,0x0,0x0,0x0,0x80000000,0x2,0x0,0x0,0x1,0x1,0x0,0x80000094,0x0,0x0,0x0,0xa00000000
4230,8460,0x0,0x6,0x0,0x0,0x0,0x0,0x28,0x0,0x0,0x800005ee,0xeee2e1,0x0,0x38020800,0x0,0x0,0x1,0x5,0x0,0x1,0x5,0x0,0x0,0x0,0x0,0x80000000,0x2,0x0,0x0,0x1,0x1,0x1,0x80000094,0x0,0x0,0x0,0xa00000000
4231,8462,0x0,0x6,0x0,0x0,0x0,0x0,0x28,0x0,0x0,0x800005ee,0xeee2e1,0x0,0x38020800,0x0,0x0,0x1,0x5,0x0,0x1,0x5,0x0,0x0,0x0,0x0,0x80000000,0x2,0x0,0x0,0x1,0x1,0x1,0x800000b4,0x0,0x0,0x0,0xa00000000
4232,8464,0x0,0x6,0x0,0x0,0x0,0x0,0x28,0x0,0x0,0x800005ee,0xeee2e1,0x0,0x38020800,0x0,0x0,0x1,0x5,0x0,0x1,0x5,0x0,0x0,0x0,0x0,0x80000000,0x2,0x0,0x0,0x1,0x1,0x1,0x800000d4,0x0,0x0,0x0,0xa00000000
4233,8466,0x0,0x6,0x0,0x0,0x0,0x0,0x28,0x0,0x0,0x800005ee,0xeee2e1,0x0,0x38020800,0x0,0x0,0x1,0x5,0x0,0x1,0x5,0x0,0x0,0x0,0x0,0x80000000,0x2,0x0,0x0,0x1,0x1,0x1,0x800000f4,0x0,0x0,0x0,0xa00000000
4234,8468,0x0,0x6,0x0,0x0,0x0,0x0,0x28,0x0,0x0,0x800005ee,0xeee2e1,0x0,0x38020800,0x0,0x0,0x1,0x5,0x0,0x1,0x5,0x0,0x0,0x0,0x0,0x80000000,0x2,0x0,0x0,0x1,0x1,0x0,0x80000114,0x0,0x0,0x0,0xa00000000
4235,8470,0x0,0x6,0x0,0x0,0x0,0x0,0x28,0x0,0x0,0x800005ee,0xeee2e1,0x0,0x38020800,0x0,0x0,0x1,0x5,0x0,0x1,0x5,0x0,0x0,0x0,0x0,0x80000000,0x2,0x0,0x0,0x1,0x0,0x0,0x80000114,0x0,0x0,0x0,0xa00000000
4236,8472,0x0,0x7,0x0,0x0,0x0,0x0,0x28,0x0,0x0,0x800005ee,0xeee2e1,0x0,0x38020800,0x0,0x0,0x1,0x5,0x0,0x1,0x5,0x0,0x0,0x0,0x0,0x80000000,0x2,0x0,0x0,0x1,0x0,0x0,0x800000b4,0x0,0x0,0x0,0xa00000000
4237,8474,0x0,0x7,0x0,0x0,0x0,0x0,0x28,0x0,0x0,0x800005ee,0xeee2e1,0x0,0x38020800,0x0,0x0,0x1,0x5,0x0,0x1,0x5,0x0,0x0,0x0,0x0,0x80000000,0x2,0x0,0x0,0x1,0x0,0x0,0x800000b4,0x0,0x0,0x0,0xa00000000
4238,8476,0x0,0x7,0x0,0x0,0x0,0x0,0x28,0x0,0x0,0x800005ee,0xeee2e1,0x0,0x38020800,0x0,0x0,0x1,0x5,0x0,0x1,0x5,0x0,0x0,0x0,0x0,0x80000000,0x2,0x0,0x0,0x1,0x1,0x0,0x80000094,0x0,0x0,0x0,0xa00000000
4239,8478,0x0,0x7,0x0,0x0,0x0,0x0,0x28,0x0,0x0,0x800005ee,0xeee2e1,0x0,0x38020800,0x0,0x0,0x1,0x5,0x0,0x1,0x5,0x0,0x0,0x0,0x0,0x80000000,0x2,0x0,0x0,0x1,0x1,0x1,0x80000094,0x0,0x0,0x0,0xa00000000
4240,8480,0x0,0x8,0x0,0x0,0x0,0x0,0x28,0x0,0x0,0x800005ee,0xeee2e1,0x0,0x38020800,0x0,0x0,0x1,0x5,0x0,0x1,0x5,0x0,0x0,0x0,0x0,0x80000000,0x2,0x0,0x0,0x1,0x1,0x1,0x800000b4,0x0,0x0,0x0,0xa00000000
4241,8482,0x0,0x8,0x0,0x0,0x0,0x0,0x28,0x0,0x0,0x800005ee,0xeee2e1,0x0,0x38020800,0x0,0x0,0x1,0x5,0x0,0x1,0x5,0x0,0x0,0x0,0x0,0x80000000,0x2,0x0,0x0,0x1,0x1,0x1,0x800000d4,0x0,0x0,0x0,0xa00000000
4242,8484,0x0,0x8,0x0,0x0,0x0,0x0,0x28,0x0,0x0,0x800005ee,0xeee2e1,0x0,0x38020800,0x0,0x0,0x1,0x5,0x0,0x1,0x5,0x0,0x0,0x0,0x0,0x80000000,0x2,0x0,0x0,0x1,0x1,0x1,0x800000f4,0x0,0x0,0x0,0xa00000000
4243,8486,0x0,0x8,0x0,0x0,0x0,0x0,0x28,0x0,0x0,0x800005ee,0xeee2e1,0x0,0x38020800,0x0,0x0,0x1,0x5,0x0,0x1,0x5,0x0,0x0,0x0,0x0,0x80000000,0x2,0x0,0x0,0x1,0x1,0x0,0x80000114,0x0,0x0,0x0,0xa00000000
4244,8488,0x0,0x8,0x0,0x0,0x0,0x0,0x28,0x0,0x0,0x800005ee,0xeee2e1,0x0,0x38020800,0x0,0x0,0x1,0x5,0x0,0x1,0x5,0x0,0x0,0x0,0x0,0x80000000,0x2,0x0,0x0,0x1,0x0,0x0,0x80000114,0x0,0x0,0x0,0xa00000000
4245,8490,0x0,0x8,0x0,0x0,0x0,0x0,0x28,0x0,0x0,0x800005ee,0xeee2e1,0x0,0x38020800,0x0,0x1,0x1,0x8,0x0,0x1,0x5,0x0,0x0,0x0,0x0,0x80000000,0x2,0x0,0x0,0x1,0x0,0x0,0x800000b4,0x0,0x0,0x0,0xa00000000
4246,8492,0x0,0x8,0x0,0x0,0x0,0x0,0x28,0x0,0x0,0x800005ee,0xeee2e1,0x0,0x38020800,0x2,0x0,0x0,0x8,0x1,0x1,0x8,0x0,0x0,0x0,0x0,0x80000000,0x2,0x0,0x0,0x1,0x0,0x0,0x800000b4,0x0,0x0,0x0,0xa00000000
4247,8494,0x0,0x8,0x0,0x0,0x0,0x0,0x28,0x0,0x0,0x800005ee,0xeee2e1,0x0,0x38020800,0x0,0x0,0x1,0x8,0x0,0x1,0x8,0x0,0x0,0x0,0x0,0x80000000,0x2,0x0,0x0,0x1,0x1,0x0,0x80000094,0x0,0x0,0x0,0xa00000000
4248,8496,0x0,0x8,0x0,0x0,0x0,0x0,0x28,0x0,0x0,0x800005ee,0xeee2e1,0x0,0x38020800,0x0,0x0,0x1,0x8,0x0,0x1,0x8,0x0,0x0,0x0,0x0,0x80000000,0x2,0x0,0x0,0x1,0x1,0x1,0x80000094,0x0,0x0,0x0,0xa00000000
4249,8498,0x0,0x9,0x0,0x0,0x0,0x0,0x28,0x0,0x0,0x800005ee,0xeee2e1,0x0,0x38020800,0x0,0x0,0x1,0x8,0x0,0x1,0x8,0x0,0x0,0x0,0x0,0x80000000,0x2,0x0,0x0,0x1,0x1,0x1,0x800000b4,0x0,0x0,0x0,0xa00000000
4250,8500,0x0,0x9,0x0,0x0,0x0,0x0,0x28,0x0,0x0,0x800005ee,0xeee2e1,0x0,0x38020800,0x0,0x0,0x1,0x8,0x0,0x1,0x8,0x0,0x0,0x0,0x0,0x80000000,0x2,0x0,0x0,0x1,0x1,0x1,0x800000d4,0x0,0x0,0x0,0xa00000000
4251,8502,0x0,0x9,0x0,0x0,0x0,0x0,0x28,0x0,0x0,0x800005ee,0xeee2e1,0x0,0x38020800,0x0,0x0,0x1,0x8,0x0,0x1,0x8,0x0,0x0,0x0,0x0,0x80000000,0x2,0x0,0x0,0x1,0x1,0x1,0x800000f4,0x0,0x0,0x0,0xa00000000
4252,8504,0x0,0x9,0x0,0x0,0x0,0x0,0x28,0x0,0x0,0x800005ee,0xeee2e1,0x0,0x38020800,0x0,0x0,0x1,0x8,0x0,0x1,0x8,0x0,0x0,0x0,0x0,0x80000000,0x2,0x0,0x0,0x1,0x1,0x0,0x80000114,0x0,0x0,0x0,0xa00000000
4253,8506,0x0,0x9,0x0,0x0,0x0,0x0,0x28,0x0,0x0,0x800005ee,0xeee2e1,0x0,0x38020800,0x0,0x0,0x1,0x8,0x0,0x1,0x8,0x0,0x0,0x0,0x0,0x80000000,0x2,0x0,0x0,0x1,0x0,0x0,0x80000114,0x0,0x0,0x0,0xa00000000
4254,8508,0x0,0xb,0x0,0x0,0x0,0x0,0x28,0x0,0x0,0x800005ee,0xeee2e1,0x0,0x38020800,0x0,0x0,0x1,0x8,0x0,0x1,0x8,0x0,0x0,0x0,0x0,0x80000000,0x2,0x0,0x0,0x1,0x0,0x0,0x800000b4,0x0,0x0,0x0,0xa00000000
4255,8510,0x0,0xc,0x0,0x0,0x0,0x0,0x28,0x0,0x0,0x800005ee,0xeee2e1,0x0,0x38020800,0x0,0x0,0x1,0x8,0x0,0x1,0x8,0x0,0x0,0x0,0x0,0x80000000,0x2,0x0,0x0,0x1,0x0,0x0,0x800000b4,0x0,0x0,0x0,0xa00000000
4256,8512,0x0,0xc,0x0,0x0,0x0,0x0,0x28,0x0,0x0,0x800005ee,0xeee2e1,0x0,0x38020800,0x0,0x0,0x1,0x8,0x0,0x1,0x8,0x0,0x0,0x0,0x0,0x80000000,0x2,0x0,0x0,0x1,0x1,0x0,0x80000094,0x0,0x0,0x0,0xa00000000
4257,8514,0x0,0xc,0x0,0x0,0x0,0x0,0x28,0x0,0x0,0x800005ee,0xeee2e1,0x0,0x38020800,0x0,0x0,0x1,0x8,0x0,0x1,0x8,0x0,0x0,0x0,0x0,0x80000000,0x2,0x0,0x0,0x1,0x1,0x1,0x80000094,0x0,0x0,0x0,0xa00000000
4258,8516,0x0,0xd,0x0,0x0,0x0,0x0,0x28,0x0,0x0,0x800005ee,0xeee2e1,0x0,0x38020800,0x0,0x0,0x1,0x8,0x0,0x1,0x8,0x0,0x0,0x0,0x0,0x80000000,0x2,0x0,0x0,0x1,0x1,0x1,0x800000b4,0x0,0x0,0x0,0xa00000000
4259,8518,0x0,0xd,0x0,0x0,0x0,0x0,0x28,0x0,0x0,0x800005ee,0xeee2e1,0x0,0x38020800,0x0,0x0,0x1,0x8,0x0,0x1,0x8,0x0,0x0,0x0,0x0,0x80000000,0x2,0x0,0x0,0x1,0x1,0x1,0x800000d4,0x0,0x0,0x0,0xa00000000
4260,8520,0x0,0xd,0x0,0x0,0x0,0x0,0x28,0x0,0x0,0x800005ee,0xeee2e1,0x0,0x38020800,0x0,0x0,0x1,0x8,0x0,0x1,0x8,0x0,0x0,0x0,0x0,0x80000000,0x2,0x0,0x0,0x1,0x1,0x1,0x800000f4,0x0,0x0,0x0,0xa00000000
4261,8522,0x0,0xd,0x0,0x0,0x0,0x0,0x28,0x0,0x0,0x800005ee,0xeee2e1,0x0,0x38020800,0x0,0x0,0x1,0x8,0x0,0x1,0x8,0x0,0x0,0x0,0x0,0x80000000,0x2,0x0,0x0,0x1,0x1,0x0,0x80000114,0x0,0x0,0x0,0xa00000000
4262,8524,0x0,0x10,0x0,0x0,0x0,0x0,0x28,0x0,0x0,0x800005ee,0xeee2e1,0x0,0x38020800,0x0,0x0,0x1,0x8,0x0,0x1,0x8,0x0,0x0,0x0,0x0,0x80000000,0x2,0x0,0x0,0x1,0x0,0x0,0x80000114,0x0,0x0,0x0,0xa00000000
4263,8526,0x0,0x14,0x0,0x0,0x0,0x0,0x28,0x0,0x0,0x800005ee,0xeee2e1,0x0,0x38020800,0x0,0x0,0x1,0x8,0x0,0x1,0x8,0x0,0x0,0x0,0x0,0x80000000,0x2,0x0,0x0,0x1,0x0,0x0,0x800000b4,0x0,0x0,0x0,0xa00000000
4264,8528,0x0,0x14,0x0,0x0,0x0,0x0,0x28,0x0,0x0,0x800005ee,0xeee2e1,0x0,0x38020800,0x0,0x0,0x1,0x8,0x0,0x1,0x8,0x0,0x0,0x0,0x0,0x80000000,0x2,0x0,0x0,0x1,0x0,0x0,0x800000b4,0x0,0x0,0x0,0xa00000000
4265,8530,0x0,0x14,0x0,0x0,0x0,0x0,0x28,0x0,0x0,0x800005ee,0xeee2e1,0x0,0x38020800,0x0,0x0,0x1,0x8,0x0,0x1,0x8,0x0,0x0,0x0,0x0,0x80000000,0x2,0x0,0x0,0x1,0x1,0x0,0x80000094,0x0,0x0,0x0,0xa00000000
4266,8532,0x0,0x14,0x0,0x0,0x0,0x0,0x28,0x0,0x0,0x800005ee,0xeee2e1,0x0,0x38020800,0x0,0x0,0x1,0x8,0x0,0x1,0x8,0x0,0x0,0x0,0x0,0x80000000,0x2,0x0,0x0,0x1,0x1,0x1,0x80000094,0x0,0x0,0x0,0xa00000000
4267,8534,0x0,0x14,0x0,0x0,0x0,0x0,0x28,0x0,0x0,0x800005ee,0xeee2e1,0x0,0x38020800,0x0,0x0,0x1,0x8,0x0,0x1,0x8,0x0,0x0,0x0,0x0,0x80000000,0x2,0x0,0x0,0x1,0x1,0x1,0x800000b4,0x0,0x0,0x0,0xa00000000
4268,8536,0x0,0x14,0x0,0x0,0x0,0x0,0x28,0x0,0x0,0x800005ee,0xeee2e1,0x0,0x38020800,0x0,0x1,0x1,0x14,0x0,0x1,0x8,0x1,0x0,0x0,0x0,0x80000000,0x2,0x0,0x0,0x1,0x1,0x1,0x800000d4,0x0,0x0,0x0,0xa00000000
4269,8538,0x0,0x14,0x0,0x0,0x0,0x0,0x28,0x0,0x0,0x800005ee,0xeee2e1,0x0,0x38020800,0x2,0x0,0x0,0x14,0x1,0x1,0x14,0x1,0x0,0x0,0x0,0x80000000,0x2,0x0,0x0,0x1,0x1,0x1,0x800000f4,0x0,0x0,0x0,0xa00000000
4270,8540,0x0,0x14,0x0,0x0,0x0,0x0,0x28,0x0,0x0,0x800005ee,0xeee2e1,0x0,0x38020800,0x0,0x0,0x1,0x14,0x0,0x1,0x14,0x1,0x0,0x0,0x0,0x80000000,0x2,0x0,0x0,0x1,0x1,0x0,0x80000114,0x0,0x0,0x0,0xa00000000
4271,8542,0x0,0x14,0x0,0x0,0x0,0x0,0x28,0x0,0x0,0x800005ee,0xeee2e1,0x0,0x38020800,0x0,0x0,0x1,0x14,0x0,0x1,0x14,0x1,0x0,0x0,0x0,0x80000000,0x2,0x0,0x0,0x1,0x0,0x0,0x80000114,0x0,0x0,0x0,0xa00000000
4272,8544,0x0,0x14,0x0,0x0,0x0,0x0,0x28,0x0,0x0,0x800005ee,0xeee2e1,0x0,0x38020800,0x0,0x0,0x1,0x14,0x0,0x1,0x14,0x1,0x0,0x0,0x0,0x80000000,0x2,0x0,0x0,0x1,0x0,0x0,0x800000b4,0x0,0x0,0x0,0xa00000000
4273,8546,0x1,0x14,0x1,0x0,0x0,0x1,0x14,0x0,0x0,0x800005ee,0xeee2e1,0x0,0x38020800,0x0,0x0,0x1,0x14,0x0,0x1,0x14,0x1,0x0,0x0,0x0,0x80000000,0x2,0x0,0x0,0x1,0x0,0x0,0x800000b4,0x0,0x0,0x0,0xa00000000
4274,8548,0x0,0x14,0x0,0x1,0x0,0x0,0x14,0x0,0x0,0x800005ee,0xeee2e1,0x0,0x38020800,0x0,0x0,0x1,0x14,0x0,0x1,0x14,0x1,0x0,0x0,0x0,0x80000000,0x2,0x0,0x0,0x1,0x1,0x0,0x80000094,0x0,0x0,0x0,0xa00000000
4275,8550,0x0,0x14,0x0,0x0,0x1,0x0,0x14,0x0,0x0,0x800005ee,0xeee2e1,0x0,0x38020800,0x0,0x0,0x1,0x14,0x0,0x1,0x14,0x1,0x0,0x0,0x0,0x80000000,0x2,0x0,0x0,0x1,0x1,0x1,0x80000094,0x0,0x0,0x0,0xa00000000
4276,8552,0x0,0x14,0x0,0x0,0x1,0x0,0x14,0x0,0x1,0x80000044,0x800,0x1,0x80000100,0x0,0x0,0x1,0x14,0x0,0x1,0x14,0x1,0x0,0x0,0x0,0x80000000,0x2,0x0,0x0,0x1,0x1,0x1,0x800000b4,0x0,0x0,0x0,0xa00000000
4277,8554,0x0,0x14,0x0,0x0,0x0,0x0,0x14,0x0,0x0,0x80000044,0x800,0x0,0x80000100,0x0,0x0,0x1,0x14,0x0,0x1,0x14,0x1,0x0,0x0,0x0,0x80000000,0x2,0x0,0x0,0x1,0x1,0x1,0x800000d4,0x80000044,0xb,0x0,0x40a00001800
4278,8556,0x0,0x14,0x0,0x0,0x0,0x0,0x14,0x0,0x0,0x80000044,0x800,0x0,0x80000100,0x0,0x0,0x1,0x14,0x0,0x1,0x14,0x1,0x0,0x0,0x0,0x80000000,0x2,0x0,0x0,0x1,0x1,0x1,0x800000f4,0x80000044,0xb,0x0,0x40a00001800
4279,8558,0x0,0x14,0x0,0x0,0x0,0x0,0x14,0x0,0x0,0x80000044,0x800,0x0,0x80000100,0x0,0x0,0x1,0x14,0x0,0x1,0x14,0x1,0x0,0x0,0x1,0x80000100,0x5,0x2,0x1,0x0,0x1,0x0,0x80000114,0x80000044,0xb,0x0,0x40a00001800
4280,8560,0x0,0x14,0x0,0x0,0x0,0x0,0x14,0x0,0x0,0x80000044,0x800,0x0,0x80000100,0x0,0x0,0x1,0x14,0x0,0x1,0x14,0x1,0x0,0x0,0x0,0x80000000,0x2,0x0,0x0,0x1,0x0,0x0,0x80000114,0x80000044,0xb,0x0,0x40a00001800
4281,8562,0x0,0x14,0x0,0x0,0x0,0x0,0x14,0x0,0x0,0x80000044,0x800,0x0,0x80000100,0x0,0x0,0x1,0x14,0x0,0x1,0x14,0x1,0x0,0x0,0x0,0x80000000,0x2,0x0,0x0,0x1,0x0,0x0,0x80000060,0x80000044,0xb,0x0,0x40a00001800
4282,8564,0x0,0x14,0x0,0x0,0x0,0x0,0x14,0x0,0x0,0x80000044,0x800,0x0,0x80000100,0x0,0x0,0x1,0x14,0x0,0x1,0x14,0x1,0x0,0x0,0x0,0x80000000,0x2,0x0,0x0,0x1,0x0,0x0,0x80000060,0x80000044,0xb,0x0,0x40a00001800
4283,8566,0x0,0x14,0x0,0x0,0x0,0x0,0x14,0x0,0x0,0x80000044,0x800,0x0,0x80000100,0x0,0x0,0x1,0x14,0x0,0x1,0x14,0x1,0x0,0x0,0x0,0x80000000,0x2,0x0,0x0,0x1,0x1,0x0,0x80000100,0x80000044,0xb,0x0,0x40a00001800
4284,8568,0x0,0x14,0x0,0x0,0x0,0x0,0x14,0x0,0x0,0x80000044,0x800,0x0,0x80000100,0x0,0x0,0x1,0x14,0x0,0x1,0x14,0x1,0x0,0x0,0x0,0x80000000,0x2,0x0,0x0,0x1,0x1,0x1,0x80000100,0x80000044,0xb,0x0,0x40a00001800
4285,8570,0x0,0x14,0x0,0x0,0x0,0x0,0x14,0x0,0x0,0x80000044,0x800,0x0,0x80000100,0x0,0x0,0x1,0x14,0x0,0x1,0x14,0x1,0x0,0x0,0x0,0x80000000,0x2,0x0,0x0,0x1,0x1,0x1,0x80000120,0x80000044,0xb,0x0,0x40a00001800
4286,8572,0x0,0x14,0x0,0x0,0x0,0x0,0x14,0x0,0x0,0x80000044,0x800,0x0,0x80000100,0x0,0x0,0x1,0x14,0x0,0x1,0x14,0x1,0x0,0x0,0x0,0x80000000,0x2,0x0,0x0,0x1,0x1,0x1,0x80000140,0x80000044,0xb,0x0,0x40a00001800
4287,8574,0x0,0x14,0x0,0x0,0x0,0x0,0x14,0x0,0x0,0x80000044,0x800,0x0,0x80000100,0x0,0x0,0x1,0x14,0x0,0x1,0x14,0x1,0x0,0x0,0x0,0x80000000,0x2,0x0,0x0,0x1,0x1,0x0,0x80000160,0x80000044,0xb,0x0,0x40a00001800
4288,8576,0x0,0x14,0x0,0x0,0x0,0x0,0x14,0x0,0x0,0x80000044,0x800,0x0,0x80000100,0x0,0x0,0x1,0x14,0x0,0x1,0x14,0x1,0x0,0x0,0x0,0x80000000,0x2,0x0,0x0,0x1,0x1,0x0,0x80000160,0x80000044,0xb,0x0,0x40a00001800
4289,8578,0x0,0x14,0x0,0x0,0x0,0x0,0x14,0x0,0x0,0x80000044,0x800,0x0,0x80000100,0x0,0x0,0x1,0x14,0x0,0x1,0x14,0x1,0x0,0x0,0x0,0x80000000,0x2,0x0,0x0,0x1,0x1,0x0,0x80000160,0x80000044,0xb,0x0,0x40a00001800
4290,8580,0x0,0x14,0x0,0x0,0x0,0x0,0x14,0x0,0x0,0x80000044,0x800,0x0,0x80000100,0x0,0x0,0x1,0x14,0x0,0x1,0x14,0x1,0x0,0x0,0x0,0x80000000,0x2,0x0,0x0,0x1,0x1,0x0,0x80000160,0x80000044,0xb,0x0,0x40a00001800
4291,8582,0x0,0x14,0x0,0x0,0x0,0x0,0x14,0x0,0x0,0x80000044,0x800,0x0,0x80000100,0x0,0x0,0x1,0x14,0x0,0x1,0x14,0x1,0x0,0x0,0x0,0x80000000,0x2,0x0,0x0,0x1,0x1,0x0,0x80000160,0x80000044,0xb,0x0,0x40a00001800
4292,8584,0x0,0x14,0x0,0x0,0x0,0x0,0x14,0x0,0x0,0x80000044,0x800,0x0,0x80000100,0x0,0x0,0x1,0x14,0x0,0x1,0x14,0x1,0x0,0x0,0x0,0x80000000,0x2,0x0,0x0,0x1,0x1,0x0,0x80000160,0x80000044,0xb,0x0,0x40a00001800
4293,8586,0x0,0x14,0x0,0x0,0x0,0x0,0x14,0x0,0x0,0x80000044,0x800,0x0,0x80000100,0x0,0x0,0x1,0x14,0x0,0x1,0x14,0x1,0x0,0x0,0x0,0x80000000,0x2,0x0,0x0,0x1,0x1,0x0,0x80000160,0x80000044,0xb,0x0,0x40a00001800
4294,8588,0x0,0x14,0x0,0x0,0x0,0x0,0x14,0x0,0x0,0x80000044,0x800,0x0,0x80000100,0x0,0x1,0x1,0x14,0x0,0x1,0x14,0x0,0x0,0x0,0x0,0x80000000,0x2,0x0,0x0,0x1,0x1,0x0,0x80000160,0x80000044,0xb,0x0,0x40a00001800
4295,8590,0x0,0x14,0x0,0x0,0x0,0x0,0x14,0x0,0x0,0x80000044,0x800,0x0,0x80000100,0x2,0x0,0x0,0x15,0x1,0x1,0x14,0x0,0x0,0x0,0x0,0x80000000,0x2,0x0,0x0,0x1,0x1,0x0,0x80000160,0x80000044,0xb,0x0,0x40a00001800
4296,8592,0x0,0x14,0x0,0x0,0x0,0x0,0x14,0x0,0x0,0x80000044,0x800,0x0,0x80000100,0x0,0x1,0x1,0x15,0x0,0x1,0x14,0x0,0x0,0x0,0x0,0x80000000,0x2,0x0,0x0,0x1,0x1,0x0,0x80000160,0x80000044,0xb,0x0,0x40a00001800
4297,8594,0x0,0x14,0x0,0x0,0x0,0x0,0x14,0x0,0x0,0x80000044,0x800,0x0,0x80000100,0x2,0x0,0x0,0x15,0x1,0x1,0x15,0x0,0x0,0x0,0x0,0x80000000,0x2,0x0,0x0,0x1,0x1,0x0,0x80000160,0x80000044,0xb,0x0,0x40a00001800
4298,8596,0x0,0x15,0x0,0x0,0x0,0x0,0x14,0x0,0x0,0x80000044,0x800,0x0,0x80000100,0x0,0x0,0x1,0x15,0x0,0x1,0x15,0x0,0x0,0x0,0x0,0x80000000,0x2,0x0,0x0,0x1,0x1,0x0,0x80000160,0x80000044,0xb,0x0,0x40a00001800
4299,8598,0x0,0x15,0x0,0x0,0x0,0x0,0x14,0x0,0x0,0x80000044,0x800,0x0,0x80000100,0x0,0x1,0x1,0x16,0x0,0x1,0x15,0x0,0x0,0x0,0x0,0x80000000,0x2,0x0,0x0,0x1,0x1,0x0,0x80000160,0x80000044,0xb,0x0,0x40a00001800
4300,8600,0x0,0x16,0x0,0x0,0x0,0x0,0x14,0x0,0x0,0x80000044,0x800,0x0,0x80000100,0x2,0x0,0x0,0x16,0x1,0x1,0x16,0x0,0x0,0x0,0x0,0x80000000,0x2,0x0,0x0,0x1,0x1,0x0,0x80000160,0x80000044,0xb,0x0,0x40a00001800
4301,8602,0x0,0x16,0x0,0x0,0x0,0x0,0x14,0x0,0x0,0x80000044,0x800,0x0,0x80000100,0x0,0x0,0x1,0x16,0x0,0x1,0x16,0x0,0x0,0x0,0x0,0x80000000,0x2,0x0,0x0,0x1,0x1,0x1,0x80000160,0x80000044,0xb,0x0,0x40a00001800
4302,8604,0x0,0x16,0x0,0x0,0x0,0x0,0x14,0x0,0x0,0x80000044,0x800,0x0,0x80000100,0x0,0x0,0x1,0x16,0x0,0x1,0x16,0x0,0x0,0x0,0x0,0x80000000,0x2,0x0,0x0,0x1,0x1,0x1,0x80000180,0x80000044,0xb,0x0,0x40a00001800
4303,8606,0x0,0x17,0x0,0x0,0x0,0x0,0x14,0x0,0x0,0x80000044,0x800,0x0,0x80000100,0x0,0x0,0x1,0x16,0x0,0x1,0x16,0x0,0x0,0x0,0x0,0x80000000,0x2,0x0,0x0,0x1,0x1,0x1,0x800001a0,0x80000044,0xb,0x0,0x40a00001800
4304,8608,0x0,0x17,0x0,0x0,0x0,0x0,0x14,0x0,0x0,0x80000044,0x800,0x0,0x80000100,0x0,0x0,0x1,0x16,0x0,0x1,0x16,0x0,0x0,0x0,0x0,0x80000000,0x2,0x0,0x0,0x1,0x1,0x1,0x800001c0,0x80000044,0xb,0x0,0x40a00001800
4305,8610,0x0,0x17,0x0,0x0,0x0,0x0,0x14,0x0,0x0,0x80000044,0x800,0x0,0x80000100,0x0,0x0,0x1,0x16,0x0,0x1,0x16,0x0,0x0,0x0,0x0,0x80000000,0x2,0x0,0x0,0x1,0x1,0x1,0x800001e0,0x80000044,0xb,0x0,0x40a00001800
4306,8612,0x0,0x17,0x0,0x0,0x0,0x0,0x14,0x0,0x0,0x80000044,0x800,0x0,0x80000100,0x0,0x0,0x1,0x16,0x0,0x1,0x16,0x0,0x0,0x0,0x0,0x80000000,0x2,0x0,0x0,0x1,0x1,0x1,0x80000200,0x80000044,0xb,0x0,0x40a00001800
4307,8614,0x0,0x17,0x0,0x0,0x0,0x0,0x14,0x0,0x0,0x80000044,0x800,0x0,0x80000100,0x0,0x0,0x1,0x16,0x0,0x1,0x16,0x0,0x0,0x0,0x0,0x80000000,0x2,0x0,0x0,0x1,0x1,0x0,0x80000220,0x80000044,0xb,0x0,0x40a00001800
4308,8616,0x0,0x17,0x0,0x0,0x0,0x0,0x14,0x0,0x0,0x80000044,0x800,0x0,0x80000100,0x0,0x1,0x1,0x17,0x0,0x1,0x16,0x0,0x0,0x0,0x0,0x80000000,0x2,0x0,0x0,0x1,0x1,0x0,0x80000220,0x80000044,0xb,0x0,0x40a00001800
4309,8618,0x0,0x17,0x0,0x0,0x0,0x0,0x14,0x0,0x0,0x80000044,0x800,0x0,0x80000100,0x2,0x0,0x0,0x17,0x1,0x1,0x17,0x0,0x0,0x0,0x0,0x80000000,0x2,0x0,0x0,0x1,0x1,0x0,0x80000220,0x80000044,0xb,0x0,0x40a00001800
4310,8620,0x0,0x17,0x0,0x0,0x0,0x0,0x14,0x0,0x0,0x80000044,0x800,0x0,0x80000100,0x0,0x0,0x1,0x17,0x0,0x1,0x17,0x0,0x0,0x0,0x0,0x80000000,0x2,0x0,0x0,0x1,0x1,0x1,0x80000220,0x80000044,0xb,0x0,0x40a00001800
4311,8622,0x0,0x17,0x0,0x0,0x0,0x0,0x14,0x0,0x0,0x80000044,0x800,0x0,0x80000100,0x0,0x0,0x1,0x17,0x0,0x1,0x17,0x0,0x0,0x0,0x0,0x80000000,0x2,0x0,0x0,0x1,0x1,0x1,0x80000240,0x80000044,0xb,0x0,0x40a00001800
4312,8624,0x0,0x18,0x0,0x0,0x0,0x0,0x14,0x0,0x0,0x80000044,0x800,0x0,0x80000100,0x0,0x0,0x1,0x17,0x0,0x1,0x17,0x0,0x0,0x0,0x0,0x80000000,0x2,0x0,0x0,0x1,0x1,0x1,0x80000260,0x80000044,0xb,0x0,0x40a00001800
4313,8626,0x0,0x18,0x0,0x0,0x0,0x0,0x14,0x0,0x0,0x80000044,0x800,0x0,0x80000100,0x0,0x0,0x1,0x17,0x0,0x1,0x17,0x0,0x0,0x0,0x0,0x80000000,0x2,0x0,0x0,0x1,0x1,0x0,0x80000280,0x80000044,0xb,0x0,0x40a00001800
4314,8628,0x0,0x18,0x0,0x0,0x0,0x0,0x14,0x0,0x0,0x80000044,0x800,0x0,0x80000100,0x0,0x0,0x1,0x17,0x0,0x1,0x17,0x0,0x0,0x0,0x0,0x80000000,0x2,0x0,0x0,0x1,0x1,0x0,0x80000280,0x80000044,0xb,0x0,0x40a00001800
4315,8630,0x0,0x1a,0x0,0x0,0x0,0x0,0x14,0x0,0x0,0x80000044,0x800,0x0,0x80000100,0x0,0x0,0x1,0x17,0x0,0x1,0x17,0x0,0x0,0x0,0x0,0x80000000,0x2,0x0,0x0,0x1,0x1,0x0,0x80000280,0x80000044,0xb,0x0,0x40a00001800
4316,8632,0x0,0x20,0x0,0x0,0x0,0x0,0x14,0x0,0x0,0x80000044,0x800,0x0,0x80000100,0x0,0x0,0x1,0x17,0x0,0x1,0x17,0x0,0x0,0x0,0x0,0x80000000,0x2,0x0,0x0,0x1,0x1,0x0,0x80000280,0x80000044,0xb,0x0,0x40a00001800
4317,8634,0x0,0x24,0x0,0x0,0x0,0x0,0x14,0x0,0x0,0x80000044,0x800,0x0,0x80000100,0x0,0x0,0x1,0x17,0x0,0x1,0x17,0x0,0x0,0x0,0x0,0x80000000,0x2,0x0,0x0,0x1,0x1,0x0,0x80000280,0x80000044,0xb,0x0,0x40a00001800
4318,8636,0x0,0x28,0x0,0x0,0x0,0x0,0x14,0x0,0x0,0x80000044,0x800,0x0,0x80000100,0x0,0x0,0x1,0x17,0x0,0x1,0x17,0x0,0x0,0x0,0x0,0x80000000,0x2,0x0,0x0,0x1,0x1,0x0,0x80000280,0x80000044,0xb,0x0,0x40a00001800
4319,8638,0x0,0x29,0x0,0x0,0x0,0x0,0x14,0x0,0x0,0x80000044,0x800,0x0,0x80000100,0x0,0x0,0x1,0x17,0x0,0x1,0x17,0x0,0x0,0x0,0x0,0x80000000,0x2,0x0,0x0,0x1,0x1,0x0,0x80000280,0x80000044,0xb,0x0,0x40a00001800
4320,8640,0x0,0x29,0x0,0x0,0x0,0x0,0x14,0x0,0x0,0x80000044,0x800,0x0,0x80000100,0x0,0x0,0x1,0x17,0x0,0x1,0x17,0x0,0x0,0x0,0x0,0x80000000,0x2,0x0,0x0,0x1,0x1,0x0,0x80000280,0x80000044,0xb,0x0,0x40a00001800
4321,8642,0x0,0x29,0x0,0x0,0x0,0x0,0x14,0x0,0x0,0x80000044,0x800,0x0,0x80000100,0x0,0x0,0x1,0x17,0x0,0x1,0x17,0x0,0x0,0x0,0x0,0x80000000,0x2,0x0,0x0,0x1,0x1,0x0,0x80000280,0x80000044,0xb,0x0,0x40a00001800
4322,8644,0x0,0x29,0x0,0x0,0x0,0x0,0x14,0x0,0x0,0x80000044,0x800,0x0,0x80000100,0x0,0x0,0x1,0x17,0x0,0x1,0x17,0x0,0x0,0x0,0x0,0x80000000,0x2,0x0,0x0,0x1,0x1,0x0,0x80000280,0x80000044,0xb,0x0,0x40a00001800
4323,8646,0x0,0x29,0x0,0x0,0x0,0x0,0x14,0x0,0x0,0x80000044,0x800,0x0,0x80000100,0x0,0x0,0x1,0x17,0x0,0x1,0x17,0x0,0x0,0x0,0x0,0x80000000,0x2,0x0,0x0,0x1,0x1,0x0,0x80000280,0x80000044,0xb,0x0,0x40a00001800
4324,8648,0x0,0x29,0x0,0x0,0x0,0x0,0x14,0x0,0x0,0x80000044,0x800,0x0,0x80000100,0x0,0x1,0x1,0x29,0x0,0x1,0x17,0x0,0x0,0x0,0x0,0x80000000,0x2,0x0,0x0,0x1,0x1,0x0,0x80000280,0x80000044,0xb,0x0,0x40a00001800
4325,8650,0x0,0x29,0x0,0x0,0x0,0x0,0x14,0x0,0x0,0x80000044,0x800,0x0,0x80000100,0x2,0x0,0x0,0x29,0x1,0x1,0x29,0x0,0x0,0x0,0x0,0x80000000,0x2,0x0,0x0,0x1,0x1,0x0,0x80000280,0x80000044,0xb,0x0,0x40a00001800
4326,8652,0x0,0x29,0x0,0x0,0x0,0x0,0x14,0x0,0x0,0x80000044,0x800,0x0,0x80000100,0x0,0x0,0x1,0x29,0x0,0x1,0x29,0x0,0x0,0x0,0x0,0x80000000,0x2,0x0,0x0,0x1,0x1,0x0,0x80000280,0x80000050,0xb,0x0,0x40a00001800
4327,8654,0x0,0x29,0x0,0x0,0x0,0x0,0x14,0x0,0x0,0x80000044,0x800,0x0,0x80000100,0x0,0x0,0x1,0x29,0x0,0x1,0x29,0x0,0x0,0x0,0x0,0x80000000,0x2,0x0,0x0,0x1,0x1,0x0,0x80000280,0x80000050,0xb,0x0,0x40a00001800
4328,8656,0x0,0x2a,0x0,0x0,0x0,0x0,0x14,0x0,0x0,0x80000044,0x800,0x0,0x80000100,0x0,0x0,0x1,0x29,0x0,0x1,0x29,0x0,0x0,0x0,0x0,0x80000000,0x2,0x0,0x0,0x1,0x1,0x0,0x80000280,0x80000050,0xb,0x0,0x40a00001800
4329,8658,0x0,0x2a,0x0,0x0,0x0,0x0,0x14,0x0,0x0,0x80000044,0x800,0x0,0x80000100,0x0,0x0,0x1,0x29,0x0,0x1,0x29,0x0,0x0,0x0,0x0,0x80000000,0x2,0x0,0x0,0x1,0x1,0x0,0x80000280,0x80000050,0xb,0x0,0x40a00001800
4330,8660,0x0,0x2a,0x0,0x0,0x0,0x0,0x14,0x0,0x0,0x80000044,0x800,0x0,0x80000100,0x0,0x0,0x1,0x29,0x0,0x1,0x29,0x0,0x0,0x0,0x0,0x80000000,0x2,0x0,0x0,0x1,0x1,0x0,0x80000280,0x80000050,0xb,0x0,0x40a00001800
4331,8662,0x0,0x2a,0x0,0x0,0x0,0x0,0x14,0x0,0x0,0x80000044,0x800,0x0,0x80000100,0x0,0x0,0x1,0x29,0x0,0x1,0x29,0x0,0x0,0x0,0x0,0x80000000,0x2,0x0,0x0,0x1,0x1,0x0,0x80000280,0x80000050,0xb,0x0,0x40a00001800
4332,8664,0x0,0x2a,0x0,0x0,0x0,0x0,0x14,0x0,0x0,0x80000044,0x800,0x0,0x80000100,0x0,0x0,0x1,0x29,0x0,0x1,0x29,0x0,0x0,0x0,0x0,0x80000000,0x2,0x0,0x0,0x1,0x1,0x0,0x80000280,0x80000050,0xb,0x0,0x40a00001800
4333,8666,0x0,0x2a,0x0,0x0,0x0,0x0,0x14,0x0,0x0,0x80000044,0x800,0x1,0x80000050,0x0,0x1,0x1,0x2a,0x0,0x1,0x29,0x0,0x0,0x0,0x0,0x80000000,0x2,0x0,0x0,0x1,0x1,0x0,0x80000280,0x80000050,0xb,0x0,0x40a00001800
4334,8668,0x0,0x2a,0x0,0x0,0x0,0x0,0x14,0x0,0x0,0x80000044,0x800,0x0,0x80000050,0x2,0x0,0x0,0x2a,0x1,0x1,0x2a,0x0,0x0,0x1,0x0,0x80000000,0x2,0x0,0x0,0x1,0x1,0x0,0x80000280,0x80000050,0xb,0x0,0xa00000080
4335,8670,0x0,0x2a,0x0,0x0,0x0,0x0,0x14,0x0,0x0,0x80000044,0x800,0x0,0x80000050,0x0,0x0,0x1,0x2a,0x0,0x1,0x2a,0x0,0x0,0x0,0x0,0x80000000,0x2,0x0,0x0,0x1,0x1,0x0,0x80000280,0x80000050,0xb,0x0,0xa00000080
4336,8672,0x0,0x2a,0x0,0x0,0x0,0x0,0x14,0x0,0x0,0x80000044,0x800,0x0,0x80000050,0x0,0x0,0x1,0x2a,0x0,0x1,0x2a,0x0,0x0,0x0,0x1,0x80000050,0x8,0xc,0x0,0x0,0x1,0x0,0x80000280,0x80000050,0xb,0x0,0xa00000080
4337,8674,0x0,0x2a,0x0,0x0,0x1,0x0,0x14,0x0,0x0,0x80000044,0x800,0x0,0x80000050,0x0,0x0,0x1,0x2a,0x0,0x1,0x2a,0x0,0x0,0x0,0x0,0x80000050,0x8,0xc,0x0,0x0,0x0,0x0,0x80000280,0x80000050,0xb,0x0,0xa00000080
4338,8676,0x0,0x2a,0x0,0x0,0x1,0x0,0x14,0x0,0x0,0x80000044,0x800,0x0,0x80000050,0x0,0x0,0x1,0x2a,0x0,0x1,0x2a,0x0,0x0,0x0,0x0,0x80000050,0x8,0xc,0x0,0x0,0x0,0x0,0x80000160,0x80000050,0xb,0x0,0xa00000080
4339,8678,0x0,0x2a,0x0,0x0,0x0,0x0,0x14,0x0,0x0,0x80000044,0x800,0x0,0x80000050,0x0,0x0,0x1,0x2a,0x0,0x1,0x2a,0x0,0x0,0x0,0x0,0x80000050,0x8,0xc,0x0,0x0,0x1,0x0,0x80000050,0x80000050,0xb,0x0,0xa00000080
4340,8680,0x0,0x2b,0x0,0x0,0x0,0x0,0x14,0x0,0x0,0x80000044,0x800,0x0,0x80000050,0x0,0x0,0x1,0x2a,0x0,0x1,0x2a,0x0,0x0,0x0,0x0,0x80000050,0x8,0xc,0x0,0x0,0x1,0x1,0x80000050,0x80000050,0xb,0x0,0xa00000080
4341,8682,0x0,0x2b,0x0,0x0,0x0,0x0,0x14,0x0,0x0,0x80000044,0x800,0x0,0x80000050,0x0,0x0,0x1,0x2a,0x0,0x1,0x2a,0x0,0x0,0x0,0x0,0x80000050,0x8,0xc,0x0,0x0,0x1,0x1,0x80000070,0x80000050,0xb,0x0,0xa00000080
4342,8684,0x0,0x2b,0x0,0x0,0x0,0x0,0x14,0x0,0x0,0x80000044,0x800,0x0,0x80000050,0x0,0x0,0x1,0x2a,0x0,0x1,0x2a,0x0,0x0,0x0,0x0,0x80000050,0x8,0xc,0x0,0x0,0x1,0x1,0x80000090,0x80000050,0xb,0x0,0xa00000080
4343,8686,0x0,0x2b,0x0,0x0,0x0,0x0,0x14,0x0,0x0,0x80000044,0x800,0x0,0x80000050,0x0,0x0,0x1,0x2a,0x0,0x1,0x2a,0x0,0x0,0x0,0x0,0x80000050,0x8,0xc,0x0,0x0,0x1,0x1,0x800000b0,0x80000050,0xb,0x0,0xa00000080
4344,8688,0x0,0x2b,0x0,0x0,0x0,0x0,0x14,0x0,0x0,0x80000044,0x800,0x0,0x80000050,0x0,0x0,0x1,0x2a,0x0,0x1,0x2a,0x0,0x0,0x0,0x0,0x80000050,0x8,0xc,0x0,0x0,0x1,0x1,0x800000d0,0x80000050,0xb,0x0,0xa00000080
4345,8690,0x0,0x2b,0x0,0x0,0x0,0x0,0x14,0x0,0x0,0x80000044,0x800,0x0,0x80000050,0x0,0x0,0x1,0x2a,0x0,0x1,0x2a,0x0,0x0,0x0,0x0,0x80000050,0x8,0xc,0x0,0x0,0x1,0x1,0x800000f0,0x80000050,0xb,0x0,0xa00000080
4346,8692,0x0,0x2b,0x0,0x0,0x0,0x0,0x14,0x0,0x0,0x80000044,0x800,0x0,0x80000050,0x0,0x0,0x1,0x2a,0x0,0x1,0x2a,0x0,0x0,0x0,0x0,0x80000050,0x8,0xc,0x0,0x0,0x0,0x0,0x80000220,0x80000050,0xb,0x0,0xa00000080
4347,8694,0x0,0x2b,0x0,0x0,0x0,0x0,0x14,0x0,0x0,0x80000044,0x800,0x0,0x80000050,0x0,0x0,0x1,0x2a,0x0,0x1,0x2a,0x0,0x0,0x0,0x0,0x80000050,0x8,0xc,0x0,0x0,0x0,0x0,0x80000220,0x80000050,0xb,0x0,0xa00000080
4348,8696,0x0,0x2b,0x0,0x0,0x0,0x0,0x14,0x0,0x0,0x80000044,0x800,0x0,0x80000050,0x0,0x0,0x1,0x2a,0x0,0x1,0x2a,0x0,0x0,0x0,0x0,0x80000050,0x8,0xc,0x0,0x0,0x0,0x0,0x800000b0,0x80000050,0xb,0x0,0xa00000080
4349,8698,0x0,0x2b,0x0,0x0,0x0,0x0,0x14,0x0,0x0,0x80000044,0x800,0x0,0x80000050,0x0,0x0,0x1,0x2a,0x0,0x1,0x2a,0x0,0x0,0x0,0x0,0x80000050,0x8,0xc,0x0,0x0,0x0,0x0,0x800000b0,0x80000050,0xb,0x0,0xa00000080
4350,8700,0x0,0x2b,0x0,0x0,0x0,0x0,0x14,0x0,0x0,0x80000044,0x800,0x0,0x80000050,0x0,0x0,0x1,0x2a,0x0,0x1,0x2a,0x0,0x0,0x0,0x0,0x80000050,0x8,0xc,0x0,0x0,0x1,0x0,0x80000094,0x80000050,0xb,0x0,0xa00000080
4351,8702,0x0,0x2b,0x0,0x0,0x0,0x0,0x14,0x0,0x0,0x80000044,0x800,0x0,0x80000050,0x0,0x0,0x1,0x2a,0x0,0x1,0x2a,0x0,0x0,0x0,0x0,0x80000050,0x8,0xc,0x0,0x0,0x1,0x1,0x80000094,0x80000050,0xb,0x0,0xa00000080
4352,8704,0x0,0x2b,0x0,0x0,0x0,0x1,0x34,0x1,0x0,0x80000044,0x800,0x0,0x80000050,0x0,0x0,0x1,0x2a,0x0,0x1,0x2a,0x0,0x0,0x0,0x0,0x80000050,0x8,0xc,0x0,0x0,0x1,0x1,0x800000b4,0x80000050,0xb,0x0,0xa00000080
4353,8706,0x0,0x2e,0x0,0x0,0x0,0x1,0x34,0x1,0x0,0x80000044,0x800,0x0,0x80000050,0x0,0x0,0x1,0x2a,0x0,0x1,0x2a,0x0,0x0,0x0,0x0,0x80000050,0x8,0xc,0x0,0x0,0x1,0x1,0x800000d4,0x80000050,0xb,0x0,0xa00000080
4354,8708,0x0,0x30,0x0,0x0,0x0,0x1,0x34,0x1,0x0,0x80000044,0x800,0x0,0x80000050,0x0,0x0,0x1,0x2a,0x0,0x1,0x2a,0x0,0x0,0x0,0x0,0x80000050,0x8,0xc,0x0,0x0,0x1,0x1,0x800000f4,0x80000050,0xb,0x0,0xa00000080
4355,8710,0x0,0x30,0x0,0x0,0x0,0x1,0x34,0x1,0x0,0x80000044,0x800,0x0,0x80000050,0x0,0x0,0x1,0x2a,0x0,0x1,0x2a,0x0,0x0,0x0,0x0,0x80000050,0x8,0xc,0x0,0x0,0x1,0x0,0x80000114,0x80000050,0xb,0x0,0xa00000080
4356,8712,0x0,0x30,0x0,0x0,0x0,0x1,0x34,0x1,0x0,0x80000044,0x800,0x0,0x80000050,0x0,0x0,0x1,0x2a,0x0,0x1,0x2a,0x0,0x0,0x0,0x1,0x800000a0,0xa,0xa,0x0,0x1,0x0,0x0,0x80000114,0x80000050,0xb,0x0,0xa00000080
4357,8714,0x0,0x30,0x0,0x0,0x1,0x1,0x34,0x1,0x0,0x80000044,0x800,0x0,0x80000050,0x0,0x0,0x1,0x2a,0x0,0x1,0x2a,0x0,0x0,0x0,0x0,0x800000a0,0xa,0xa,0x0,0x1,0x0,0x0,0x800000b4,0x80000050,0xb,0x0,0xa00000080
4358,8716,0x0,0x30,0x0,0x0,0x1,0x1,0x34,0x1,0x0,0x80000044,0x800,0x0,0x80000050,0x0,0x0,0x1,0x2a,0x0,0x1,0x2a,0x0,0x0,0x0,0x0,0x800000a0,0xa,0xa,0x0,0x1,0x0,0x0,0x80000090,0x80000050,0xb,0x0,0xa00000080
4359,8718,0x0,0x30,0x0,0x0,0x1,0x1,0x34,0x1,0x0,0x80000044,0x800,0x0,0x80000050,0x0,0x0,0x1,0x2a,0x0,0x1,0x2a,0x0,0x0,0x0,0x0,0x800000a0,0xa,0xa,0x0,0x1,0x1,0x0,0x800000a0,0x80000050,0xb,0x0,0xa00000080
4360,8720,0x0,0x30,0x0,0x0,0x1,0x1,0x34,0x1,0x0,0x80000044,0x800,0x0,0x80000050,0x0,0x0,0x1,0x2a,0x0,0x1,0x2a,0x0,0x0,0x0,0x0,0x800000a0,0xa,0xa,0x0,0x1,0x1,0x1,0x800000a0,0x80000050,0xb,0x0,0xa00000080
4361,8722,0x0,0x30,0x0,0x0,0x0,0x1,0x34,0x1,0x0,0x80000044,0x800,0x0,0x80000050,0x0,0x0,0x1,0x2a,0x0,0x1,0x2a,0x0,0x0,0x0,0x0,0x800000a0,0xa,0xa,0x0,0x1,0x1,0x1,0x800000c0,0x80000050,0xb,0x0,0xa00000080
4362,8724,0x0,0x31,0x0,0x0,0x0,0x1,0x34,0x1,0x0,0x80000044,0x800,0x0,0x80000050,0x0,0x0,0x1,0x2a,0x0,0x1,0x2a,0x0,0x0,0x0,0x0,0x800000a0,0xa,0xa,0x0,0x1,0x1,0x1,0x800000e0,0x80000050,0xb,0x0,0xa00000080
4363,8726,0x0,0x32,0x0,0x0,0x0,0x1,0x34,0x1,0x0,0x80000044,0x800,0x0,0x80000050,0x0,0x0,0x1,0x2a,0x0,0x1,0x2a,0x0,0x0,0x0,0x0,0x800000a0,0xa,0xa,0x0,0x1,0x1,0x1,0x80000100,0x80000050,0xb,0x0,0xa00000080
4364,8728,0x0,0x33,0x0,0x0,0x0,0x1,0x34,0x1,0x0,0x80000044,0x800,0x0,0x80000050,0x0,0x0,0x1,0x2a,0x0,0x1,0x2a,0x0,0x0,0x0,0x0,0x800000a0,0xa,0xa,0x0,0x1,0x1,0x0,0x80000120,0x80000050,0xb,0x0,0xa00000080
4365,8730,0x1,0x34,0x1,0x0,0x0,0x1,0x34,0x1,0x0,0x80000044,0x800,0x0,0x80000050,0x0,0x0,0x1,0x2a,0x0,0x1,0x2a,0x0,0x0,0x0,0x0,0x800000a0,0xa,0xa,0x0,0x1,0x0,0x0,0x80000120,0x80000050,0xb,0x0,0xa00000080
4366,8732,0x0,0x34,0x0,0x1,0x0,0x0,0x34,0x1,0x0,0x80000044,0x800,0x0,0x80000050,0x0,0x0,0x1,0x2a,0x0,0x1,0x2a,0x0,0x0,0x0,0x0,0x800000a0,0xa,0xa,0x0,0x1,0x0,0x0,0x800000c0,0x80000050,0xb,0x0,0xa00000080
4367,8734,0x0,0x34,0x0,0x0,0x1,0x0,0x34,0x1,0x0,0x80000044,0x800,0x0,0x80000050,0x0,0x0,0x1,0x2a,0x0,0x1,0x2a,0x0,0x0,0x0,0x0,0x800000a0,0xa,0xa,0x0,0x1,0x0,0x0,0x800000c0,0x80000050,0xb,0x0,0xa00000080
4368,8736,0x0,0x34,0x0,0x0,0x1,0x0,0x34,0x1,0x1,0x80000078,0x4,0x1,0x80000100,0x0,0x0,0x1,0x2a,0x0,0x1,0x2a,0x0,0x0,0x0,0x0,0x800000a0,0xa,0xa,0x0,0x1,0x1,0x0,0x800000a0,0x80000050,0xb,0x0,0xa00000080
4369,8738,0x0,0x34,0x0,0x0,0x0,0x0,0x34,0x1,0x0,0x80000078,0x4,0x0,0x80000100,0x0,0x0,0x1,0x2a,0x0,0x1,0x2a,0x0,0x0,0x0,0x0,0x800000a0,0xa,0xa,0x0,0x1,0x1,0x1,0x800000a0,0x80000078,0x2,0xffffffff,0x40a00001800
4370,8740,0x0,0x34,0x0,0x0,0x0,0x0,0x34,0x1,0x0,0x80000078,0x4,0x0,0x80000100,0x0,0x0,0x1,0x2a,0x0,0x1,0x2a,0x0,0x0,0x0,0x0,0x800000a0,0xa,0xa,0x0,0x1,0x1,0x1,0x800000c0,0x80000078,0x2,0xffffffff,0x40a00001800
4371,8742,0x0,0x34,0x0,0x0,0x0,0x0,0x34,0x1,0x0,0x80000078,0x4,0x0,0x80000100,0x0,0x0,0x1,0x2a,0x0,0x1,0x2a,0x0,0x0,0x0,0x1,0x80000100,0xa,0x4,0x1,0x0,0x1,0x0,0x800000e0,0x80000078,0x2,0xffffffff,0x40a00001800
4372,8744,0x0,0x34,0x0,0x0,0x0,0x0,0x34,0x1,0x0,0x80000078,0x4,0x0,0x80000100,0x0,0x0,0x1,0x2a,0x0,0x1,0x2a,0x0,0x0,0x0,0x0,0x800000a0,0xa,0xa,0x0,0x1,0x0,0x0,0x800000e0,0x80000078,0x2,0xffffffff,0x40a00001800
4373,8746,0x0,0x34,0x0,0x0,0x0,0x0,0x34,0x1,0x0,0x80000078,0x4,0x0,0x80000100,0x0,0x0,0x1,0x2a,0x0,0x1,0x2a,0x0,0x0,0x0,0x0,0x800000a0,0xa,0xa,0x0,0x1,0x0,0x0,0x800000a0,0x80000078,0x2,0xffffffff,0x40a00001800
4374,8748,0x0,0x34,0x0,0x0,0x0,0x0,0x34,0x1,0x0,0x80000078,0x4,0x0,0x80000100,0x0,0x0,0x1,0x2a,0x0,0x1,0x2a,0x0,0x0,0x0,0x0,0x800000a0,0xa,0xa,0x0,0x1,0x0,0x0,0x800000a0,0x80000078,0x2,0xffffffff,0x40a00001800
4375,8750,0x0,0x34,0x0,0x0,0x0,0x0,0x34,0x1,0x0,0x80000078,0x4,0x0,0x80000100,0x0,0x0,0x1,0x2a,0x0,0x1,0x2a,0x0,0x0,0x0,0x0,0x800000a0,0xa,0xa,0x0,0x1,0x1,0x0,0x80000100,0x80000078,0x2,0xffffffff,0x40a00001800
4376,8752,0x0,0x34,0x0,0x0,0x0,0x0,0x34,0x1,0x0,0x80000078,0x4,0x0,0x80000100,0x0,0x0,0x1,0x2a,0x0,0x1,0x2a,0x0,0x0,0x0,0x0,0x800000a0,0xa,0xa,0x0,0x1,0x1,0x1,0x80000100,0x80000078,0x2,0xffffffff,0x40a00001800
4377,8754,0x0,0x34,0x0,0x0,0x0,0x0,0x34,0x1,0x0,0x80000078,0x4,0x0,0x80000100,0x0,0x0,0x1,0x2a,0x0,0x1,0x2a,0x0,0x0,0x0,0x0,0x800000a0,0xa,0xa,0x0,0x1,0x1,0x1,0x80000120,0x80000078,0x2,0xffffffff,0x40a00001800
4378,8756,0x0,0x34,0x0,0x0,0x0,0x0,0x34,0x1,0x0,0x80000078,0x4,0x0,0x80000100,0x0,0x0,0x1,0x2a,0x0,0x1,0x2a,0x0,0x0,0x0,0x0,0x800000a0,0xa,0xa,0x0,0x1,0x1,0x1,0x80000140,0x80000078,0x2,0xffffffff,0x40a00001800
4379,8758,0x0,0x34,0x0,0x0,0x0,0x0,0x34,0x1,0x0,0x80000078,0x4,0x0,0x80000100,0x0,0x0,0x1,0x2a,0x0,0x1,0x2a,0x0,0x0,0x0,0x0,0x800000a0,0xa,0xa,0x0,0x1,0x1,0x1,0x80000160,0x80000078,0x2,0xffffffff,0x40a00001800
4380,8760,0x0,0x34,0x0,0x0,0x0,0x0,0x34,0x1,0x0,0x80000078,0x4,0x0,0x80000100,0x0,0x0,0x1,0x2a,0x0,0x1,0x2a,0x0,0x0,0x0,0x0,0x800000a0,0xa,0xa,0x0,0x1,0x1,0x1,0x80000180,0x80000078,0x2,0xffffffff,0x40a00001800
4381,8762,0x0,0x34,0x0,0x0,0x0,0x0,0x34,0x1,0x0,0x80000078,0x4,0x0,0x80000100,0x0,0x0,0x1,0x2a,0x0,0x1,0x2a,0x0,0x0,0x0,0x0,0x800000a0,0xa,0xa,0x0,0x1,0x1,0x1,0x800001a0,0x80000078,0x2,0xffffffff,0x40a00001800
4382,8764,0x0,0x34,0x0,0x0,0x0,0x0,0x34,0x1,0x0,0x80000078,0x4,0x0,0x80000100,0x0,0x0,0x1,0x2a,0x0,0x1,0x2a,0x0,0x0,0x0,0x0,0x800000a0,0xa,0xa,0x0,0x1,0x1,0x1,0x800001c0,0x80000078,0x2,0xffffffff,0x40a00001800
4383,8766,0x0,0x34,0x0,0x0,0x0,0x0,0x34,0x1,0x0,0x80000078,0x4,0x0,0x80000100,0x0,0x0,0x1,0x2a,0x0,0x1,0x2a,0x0,0x0,0x0,0x0,0x800000a0,0xa,0xa,0x0,0x1,0x1,0x1,0x800001e0,0x80000078,0x2,0xffffffff,0x40a00001800
4384,8768,0x0,0x34,0x0,0x0,0x0,0x0,0x34,0x1,0x0,0x80000078,0x4,0x0,0x80000100,0x0,0x0,0x1,0x2a,0x0,0x1,0x2a,0x0,0x0,0x0,0x0,0x800000a0,0xa,0xa,0x0,0x1,0x1,0x1,0x80000200,0x80000078,0x2,0xffffffff,0x40a00001800
4385,8770,0x0,0x34,0x0,0x0,0x0,0x0,0x34,0x1,0x0,0x80000078,0x4,0x0,0x80000100,0x0,0x0,0x1,0x2a,0x0,0x1,0x2a,0x0,0x0,0x0,0x0,0x800000a0,0xa,0xa,0x0,0x1,0x1,0x1,0x80000220,0x80000078,0x2,0xffffffff,0x40a00001800
4386,8772,0x0,0x34,0x0,0x0,0x0,0x0,0x34,0x1,0x0,0x80000078,0x4,0x0,0x80000100,0x0,0x1,0x1,0x34,0x0,0x1,0x2a,0x0,0x0,0x0,0x0,0x800000a0,0xa,0xa,0x0,0x1,0x1,0x0,0x80000240,0x80000078,0x2,0xffffffff,0x40a00001800
4387,8774,0x0,0x34,0x0,0x0,0x0,0x0,0x34,0x1,0x0,0x80000078,0x4,0x0,0x80000100,0x2,0x0,0x0,0x35,0x1,0x1,0x34,0x0,0x0,0x0,0x0,0x800000a0,0xa,0xa,0x0,0x1,0x1,0x0,0x80000240,0x80000078,0x2,0xffffffff,0x40a00001800
4388,8776,0x0,0x34,0x0,0x0,0x0,0x0,0x34,0x1,0x0,0x80000078,0x4,0x0,0x80000100,0x0,0x1,0x1,0x35,0x0,0x1,0x34,0x0,0x0,0x0,0x0,0x800000a0,0xa,0xa,0x0,0x1,0x1,0x0,0x80000240,0x80000078,0x2,0xffffffff,0x40a00001800
4389,8778,0x0,0x34,0x0,0x0,0x0,0x0,0x34,0x1,0x0,0x80000078,0x4,0x0,0x80000100,0x2,0x0,0x0,0x35,0x1,0x1,0x35,0x0,0x0,0x0,0x0,0x800000a0,0xa,0xa,0x0,0x1,0x1,0x0,0x80000240,0x80000078,0x2,0xffffffff,0x40a00001800
4390,8780,0x0,0x35,0x0,0x0,0x0,0x0,0x34,0x1,0x0,0x80000078,0x4,0x0,0x80000100,0x0,0x0,0x1,0x35,0x0,0x1,0x35,0x0,0x0,0x0,0x0,0x800000a0,0xa,0xa,0x0,0x1,0x1,0x0,0x80000240,0x80000078,0x2,0xffffffff,0x40a00001800
4391,8782,0x0,0x35,0x0,0x0,0x0,0x0,0x34,0x1,0x0,0x80000078,0x4,0x0,0x80000100,0x0,0x1,0x1,0x36,0x0,0x1,0x35,0x0,0x0,0x0,0x0,0x800000a0,0xa,0xa,0x0,0x1,0x1,0x0,0x80000240,0x80000078,0x2,0xffffffff,0x40a00001800
4392,8784,0x0,0x36,0x0,0x0,0x0,0x0,0x34,0x1,0x0,0x80000078,0x4,0x0,0x80000100,0x2,0x0,0x0,0x36,0x1,0x1,0x36,0x0,0x0,0x0,0x0,0x800000a0,0xa,0xa,0x0,0x1,0x1,0x0,0x80000240,0x80000078,0x2,0xffffffff,0x40a00001800
4393,8786,0x0,0x36,0x0,0x0,0x0,0x0,0x34,0x1,0x0,0x80000078,0x4,0x0,0x80000100,0x0,0x0,0x1,0x36,0x0,0x1,0x36,0x0,0x0,0x0,0x0,0x800000a0,0xa,0xa,0x0,0x1,0x1,0x0,0x80000240,0x80000078,0x2,0xffffffff,0x40a00001800
4394,8788,0x0,0x36,0x0,0x0,0x0,0x0,0x34,0x1,0x0,0x80000078,0x4,0x0,0x80000100,0x0,0x0,0x1,0x36,0x0,0x1,0x36,0x0,0x0,0x0,0x0,0x800000a0,0xa,0xa,0x0,0x1,0x1,0x0,0x80000240,0x80000078,0x2,0xffffffff,0x40a00001800
4395,8790,0x0,0x37,0x0,0x0,0x0,0x0,0x34,0x1,0x0,0x80000078,0x4,0x0,0x80000100,0x0,0x0,0x1,0x36,0x0,0x1,0x36,0x0,0x0,0x0,0x0,0x800000a0,0xa,0xa,0x0,0x1,0x1,0x0,0x80000240,0x80000078,0x2,0xffffffff,0x40a00001800
4396,8792,0x0,0x37,0x0,0x0,0x0,0x0,0x34,0x1,0x0,0x80000078,0x4,0x0,0x80000100,0x0,0x0,0x1,0x36,0x0,0x1,0x36,0x0,0x0,0x0,0x0,0x800000a0,0xa,0xa,0x0,0x1,0x1,0x0,0x80000240,0x80000078,0x2,0xffffffff,0x40a00001800
4397,8794,0x0,0x37,0x0,0x0,0x0,0x0,0x34,0x1,0x0,0x80000078,0x4,0x0,0x80000100,0x0,0x0,0x1,0x36,0x0,0x1,0x36,0x0,0x0,0x0,0x0,0x800000a0,0xa,0xa,0x0,0x1,0x1,0x0,0x80000240,0x80000078,0x2,0xffffffff,0x40a00001800
4398,8796,0x0,0x37,0x0,0x0,0x0,0x0,0x34,0x1,0x0,0x80000078,0x4,0x0,0x80000100,0x0,0x0,0x1,0x36,0x0,0x1,0x36,0x0,0x0,0x0,0x0,0x800000a0,0xa,0xa,0x0,0x1,0x1,0x1,0x80000240,0x80000078,0x2,0xffffffff,0x40a00001800
4399,8798,0x0,0x37,0x0,0x0,0x0,0x0,0x34,0x1,0x0,0x80000078,0x4,0x0,0x80000100,0x0,0x0,0x1,0x36,0x0,0x1,0x36,0x0,0x0,0x0,0x0,0x800000a0,0xa,0xa,0x0,0x1,0x1,0x1,0x80000260,0x80000078,0x2,0xffffffff,0x40a00001800
4400,8800,0x0,0x37,0x0,0x0,0x0,0x0,0x34,0x1,0x0,0x80000078,0x4,0x0,0x80000100,0x0,0x1,0x1,0x37,0x0,0x1,0x36,0x0,0x0,0x0,0x0,0x800000a0,0xa,0xa,0x0,0x1,0x1,0x0,0x80000280,0x80000078,0x2,0xffffffff,0x40a00001800
4401,8802,0x0,0x37,0x0,0x0,0x0,0x0,0x34,0x1,0x0,0x80000078,0x4,0x0,0x80000100,0x2,0x0,0x0,0x37,0x1,0x1,0x37,0x0,0x0,0x0,0x0,0x800000a0,0xa,0xa,0x0,0x1,0x1,0x0,0x80000280,0x80000078,0x2,0xffffffff,0x40a00001800
4402,8804,0x0,0x37,0x0,0x0,0x0,0x0,0x34,0x1,0x0,0x80000078,0x4,0x0,0x80000100,0x0,0x0,0x1,0x37,0x0,0x1,0x37,0x0,0x0,0x0,0x0,0x800000a0,0xa,0xa,0x0,0x1,0x1,0x0,0x80000280,0x80000078,0x2,0xffffffff,0x40a00001800
4403,8806,0x0,0x37,0x0,0x0,0x0,0x0,0x34,0x1,0x0,0x80000078,0x4,0x0,0x80000100,0x0,0x0,0x1,0x37,0x0,0x1,0x37,0x0,0x0,0x0,0x0,0x800000a0,0xa,0xa,0x0,0x1,0x1,0x0,0x80000280,0x80000078,0x2,0xffffffff,0x40a00001800
4404,8808,0x0,0x38,0x0,0x0,0x0,0x0,0x34,0x1,0x0,0x80000078,0x4,0x0,0x80000100,0x0,0x0,0x1,0x37,0x0,0x1,0x37,0x0,0x0,0x0,0x0,0x800000a0,0xa,0xa,0x0,0x1,0x1,0x0,0x80000280,0x80000078,0x2,0xffffffff,0x40a00001800
4405,8810,0x0,0x38,0x0,0x0,0x0,0x0,0x34,0x1,0x0,0x80000078,0x4,0x0,0x80000100,0x0,0x0,0x1,0x37,0x0,0x1,0x37,0x0,0x0,0x0,0x0,0x800000a0,0xa,0xa,0x0,0x1,0x1,0x0,0x80000280,0x80000078,0x2,0xffffffff,0x40a00001800
4406,8812,0x0,0x38,0x0,0x0,0x0,0x0,0x34,0x1,0x0,0x80000078,0x4,0x0,0x80000100,0x0,0x0,0x1,0x37,0x0,0x1,0x37,0x0,0x0,0x0,0x0,0x800000a0,0xa,0xa,0x0,0x1,0x1,0x0,0x80000280,0x80000078,0x2,0xffffffff,0x40a00001800
4407,8814,0x0,0x3a,0x0,0x0,0x0,0x0,0x34,0x1,0x0,0x80000078,0x4,0x0,0x80000100,0x0,0x0,0x1,0x37,0x0,0x1,0x37,0x0,0x0,0x0,0x0,0x800000a0,0xa,0xa,0x0,0x1,0x1,0x0,0x80000280,0x80000078,0x2,0xffffffff,0x40a00001800
4408,8816,0x0,0x40,0x0,0x0,0x0,0x0,0x34,0x1,0x0,0x80000078,0x4,0x0,0x80000100,0x0,0x0,0x1,0x37,0x0,0x1,0x37,0x0,0x0,0x0,0x0,0x800000a0,0xa,0xa,0x0,0x1,0x1,0x0,0x80000280,0x80000078,0x2,0xffffffff,0x40a00001800
4409,8818,0x0,0x44,0x0,0x0,0x0,0x0,0x34,0x1,0x0,0x80000078,0x4,0x0,0x80000100,0x0,0x0,0x1,0x37,0x0,0x1,0x37,0x0,0x0,0x0,0x0,0x800000a0,0xa,0xa,0x0,0x1,0x1,0x0,0x80000280,0x80000078,0x2,0xffffffff,0x40a00001800
4410,8820,0x0,0x48,0x0,0x0,0x0,0x0,0x34,0x1,0x0,0x80000078,0x4,0x0,0x80000100,0x0,0x0,0x1,0x37,0x0,0x1,0x37,0x0,0x0,0x0,0x0,0x800000a0,0xa,0xa,0x0,0x1,0x1,0x0,0x80000280,0x80000078,0x2,0xffffffff,0x40a00001800
4411,8822,0x0,0x49,0x0,0x0,0x0,0x0,0x34,0x1,0x0,0x80000078,0x4,0x0,0x80000100,0x0,0x0,0x1,0x37,0x0,0x1,0x37,0x0,0x0,0x0,0x0,0x800000a0,0xa,0xa,0x0,0x1,0x1,0x0,0x80000280,0x80000078,0x2,0xffffffff,0x40a00001800
4412,8824,0x0,0x49,0x0,0x0,0x0,0x0,0x34,0x1,0x0,0x80000078,0x4,0x0,0x80000100,0x0,0x0,0x1,0x37,0x0,0x1,0x37,0x0,0x0,0x0,0x0,0x800000a0,0xa,0xa,0x0,0x1,0x1,0x0,0x80000280,0x80000078,0x2,0xffffffff,0x40a00001800
4413,8826,0x0,0x49,0x0,0x0,0x0,0x0,0x34,0x1,0x0,0x80000078,0x4,0x0,0x80000100,0x0,0x0,0x1,0x37,0x0,0x1,0x37,0x0,0x0,0x0,0x0,0x800000a0,0xa,0xa,0x0,0x1,0x1,0x0,0x80000280,0x80000078,0x2,0xffffffff,0x40a00001800
4414,8828,0x0,0x49,0x0,0x0,0x0,0x0,0x34,0x1,0x0,0x80000078,0x4,0x0,0x80000100,0x0,0x0,0x1,0x37,0x0,0x1,0x37,0x0,0x0,0x0,0x0,0x800000a0,0xa,0xa,0x0,0x1,0x1,0x0,0x80000280,0x80000078,0x2,0xffffffff,0x40a00001800
4415,8830,0x0,0x49,0x0,0x0,0x0,0x0,0x34,0x1,0x0,0x80000078,0x4,0x0,0x80000100,0x0,0x0,0x1,0x37,0x0,0x1,0x37,0x0,0x0,0x0,0x0,0x800000a0,0xa,0xa,0x0,0x1,0x1,0x0,0x80000280,0x80000078,0x2,0xffffffff,0x40a00001800
4416,8832,0x0,0x49,0x0,0x0,0x0,0x0,0x34,0x1,0x0,0x80000078,0x4,0x0,0x80000100,0x0,0x1,0x1,0x49,0x0,0x1,0x37,0x0,0x0,0x0,0x0,0x800000a0,0xa,0xa,0x0,0x1,0x1,0x0,0x80000280,0x80000078,0x2,0xffffffff,0x40a00001800
4417,8834,0x0,0x49,0x0,0x0,0x0,0x0,0x34,0x1,0x0,0x80000078,0x4,0x0,0x80000100,0x2,0x0,0x0,0x49,0x1,0x1,0x49,0x0,0x0,0x0,0x0,0x800000a0,0xa,0xa,0x0,0x1,0x1,0x0,0x80000280,0x80000078,0x2,0xffffffff,0x40a00001800
4418,8836,0x0,0x49,0x0,0x0,0x0,0x0,0x34,0x1,0x0,0x80000078,0x4,0x0,0x80000100,0x0,0x0,0x1,0x49,0x0,0x1,0x49,0x0,0x0,0x0,0x0,0x800000a0,0xa,0xa,0x0,0x1,0x1,0x0,0x80000280,0x80000084,0x2,0xffffffff,0x40a00001800
4419,8838,0x0,0x49,0x0,0x0,0x0,0x0,0x34,0x1,0x0,0x80000078,0x4,0x0,0x80000100,0x0,0x0,0x1,0x49,0x0,0x1,0x49,0x0,0x0,0x0,0x0,0x800000a0,0xa,0xa,0x0,0x1,0x1,0x0,0x80000280,0x80000084,0x2,0xffffffff,0x40a00001800
4420,8840,0x0,0x4a,0x0,0x0,0x0,0x0,0x34,0x1,0x0,0x80000078,0x4,0x0,0x80000100,0x0,0x0,0x1,0x49,0x0,0x1,0x49,0x0,0x0,0x0,0x0,0x800000a0,0xa,0xa,0x0,0x1,0x1,0x0,0x80000280,0x80000084,0x2,0xffffffff,0x40a00001800
4421,8842,0x0,0x4a,0x0,0x0,0x0,0x0,0x34,0x1,0x0,0x80000078,0x4,0x0,0x80000100,0x0,0x0,0x1,0x49,0x0,0x1,0x49,0x0,0x0,0x0,0x0,0x800000a0,0xa,0xa,0x0,0x1,0x1,0x0,0x80000280,0x80000084,0x2,0xffffffff,0x40a00001800
4422,8844,0x0,0x4a,0x0,0x0,0x0,0x0,0x34,0x1,0x0,0x80000078,0x4,0x0,0x80000100,0x0,0x0,0x1,0x49,0x0,0x1,0x49,0x0,0x0,0x0,0x0,0x800000a0,0xa,0xa,0x0,0x1,0x1,0x0,0x80000280,0x80000084,0x2,0xffffffff,0x40a00001800
4423,8846,0x0,0x4a,0x0,0x0,0x0,0x0,0x34,0x1,0x0,0x80000078,0x4,0x0,0x80000100,0x0,0x0,0x1,0x49,0x0,0x1,0x49,0x0,0x0,0x0,0x0,0x800000a0,0xa,0xa,0x0,0x1,0x1,0x0,0x80000280,0x80000084,0x2,0xffffffff,0x40a00001800
4424,8848,0x0,0x4a,0x0,0x0,0x0,0x0,0x34,0x1,0x0,0x80000078,0x4,0x0,0x80000100,0x0,0x0,0x1,0x49,0x0,0x1,0x49,0x0,0x0,0x0,0x0,0x800000a0,0xa,0xa,0x0,0x1,0x1,0x0,0x80000280,0x80000084,0x2,0xffffffff,0x40a00001800
4425,8850,0x0,0x4a,0x0,0x0,0x0,0x0,0x34,0x1,0x0,0x80000078,0x4,0x1,0x80000084,0x0,0x1,0x1,0x4a,0x0,0x1,0x49,0x0,0x0,0x0,0x0,0x800000a0,0xa,0xa,0x0,0x1,0x1,0x0,0x80000280,0x80000084,0x2,0xffffffff,0x40a00001800
4426,8852,0x0,0x4a,0x0,0x0,0x0,0x0,0x34,0x1,0x0,0x80000078,0x4,0x0,0x80000084,0x2,0x0,0x0,0x4a,0x1,0x1,0x4a,0x0,0x0,0x1,0x0,0x800000a0,0xa,0xa,0x0,0x1,0x1,0x0,0x80000280,0x80000084,0x2,0xffffffff,0xa00000080
4427,8854,0x0,0x4a,0x0,0x0,0x0,0x0,0x34,0x1,0x0,0x80000078,0x4,0x0,0x80000084,0x0,0x0,0x1,0x4a,0x0,0x1,0x4a,0x0,0x0,0x0,0x0,0x800000a0,0xa,0xa,0x0,0x1,0x1,0x0,0x80000280,0x80000084,0x2,0xffffffff,0xa00000080
4428,8856,0x0,0x4a,0x0,0x0,0x0,0x0,0x34,0x1,0x0,0x80000078,0x4,0x0,0x80000084,0x0,0x0,0x1,0x4a,0x0,0x1,0x4a,0x0,0x0,0x0,0x1,0x80000084,0xd,0xc,0x0,0x0,0x1,0x0,0x80000280,0x80000084,0x2,0xffffffff,0xa00000080
4429,8858,0x0,0x4a,0x0,0x0,0x1,0x0,0x34,0x1,0x0,0x80000078,0x4,0x0,0x80000084,0x0,0x0,0x1,0x4a,0x0,0x1,0x4a,0x0,0x0,0x0,0x0,0x80000084,0xd,0xc,0x0,0x0,0x0,0x0,0x80000280,0x80000084,0x2,0xffffffff,0xa00000080
4430,8860,0x0,0x4a,0x0,0x0,0x1,0x0,0x34,0x1,0x0,0x80000078,0x4,0x0,0x80000084,0x0,0x0,0x1,0x4a,0x0,0x1,0x4a,0x0,0x0,0x0,0x0,0x80000084,0xd,0xc,0x0,0x0,0x0,0x0,0x80000160,0x80000084,0x2,0xffffffff,0xa00000080
4431,8862,0x0,0x4a,0x0,0x0,0x0,0x0,0x34,0x1,0x0,0x80000078,0x4,0x0,0x80000084,0x0,0x0,0x1,0x4a,0x0,0x1,0x4a,0x0,0x0,0x0,0x0,0x80000084,0xd,0xc,0x0,0x0,0x1,0x0,0x80000084,0x80000084,0x2,0xffffffff,0xa00000080
4432,8864,0x0,0x4b,0x0,0x0,0x0,0x0,0x34,0x1,0x0,0x80000078,0x4,0x0,0x80000084,0x0,0x0,0x1,0x4a,0x0,0x1,0x4a,0x0,0x0,0x0,0x0,0x80000084,0xd,0xc,0x0,0x0,0x1,0x1,0x80000084,0x80000084,0x2,0xffffffff,0xa00000080
4433,8866,0x0,0x4b,0x0,0x0,0x0,0x0,0x34,0x1,0x0,0x80000078,0x4,0x0,0x80000084,0x0,0x0,0x1,0x4a,0x0,0x1,0x4a,0x0,0x0,0x0,0x0,0x80000084,0xd,0xc,0x0,0x0,0x1,0x1,0x800000a4,0x80000084,0x2,0xffffffff,0xa00000080
4434,8868,0x0,0x4b,0x0,0x0,0x0,0x0,0x34,0x1,0x0,0x80000078,0x4,0x0,0x80000084,0x0,0x0,0x1,0x4a,0x0,0x1,0x4a,0x0,0x0,0x0,0x0,0x80000084,0xd,0xc,0x0,0x0,0x1,0x1,0x800000c4,0x80000084,0x2,0xffffffff,0xa00000080
4435,8870,0x0,0x4b,0x0,0x0,0x0,0x0,0x34,0x1,0x0,0x80000078,0x4,0x0,0x80000084,0x0,0x0,0x1,0x4a,0x0,0x1,0x4a,0x0,0x0,0x0,0x0,0x80000084,0xd,0xc,0x0,0x0,0x1,0x1,0x800000e4,0x80000084,0x2,0xffffffff,0xa00000080
4436,8872,0x0,0x4b,0x0,0x0,0x0,0x0,0x34,0x1,0x0,0x80000078,0x4,0x0,0x80000084,0x0,0x0,0x1,0x4a,0x0,0x1,0x4a,0x0,0x0,0x0,0x0,0x80000084,0xd,0xc,0x0,0x0,0x1,0x0,0x80000104,0x80000084,0x2,0xffffffff,0xa00000080
4437,8874,0x0,0x4b,0x0,0x0,0x0,0x0,0x34,0x1,0x0,0x80000078,0x4,0x0,0x80000084,0x0,0x0,0x1,0x4a,0x0,0x1,0x4a,0x0,0x0,0x0,0x0,0x80000084,0xd,0xc,0x0,0x0,0x0,0x0,0x80000104,0x80000084,0x2,0xffffffff,0xa00000080
4438,8876,0x0,0x4b,0x0,0x0,0x0,0x0,0x34,0x1,0x0,0x80000078,0x4,0x0,0x80000084,0x0,0x0,0x1,0x4a,0x0,0x1,0x4a,0x0,0x0,0x0,0x0,0x80000084,0xd,0xc,0x0,0x0,0x0,0x0,0x800000a4,0x80000084,0x2,0xffffffff,0xa00000080
4439,8878,0x0,0x4b,0x0,0x0,0x0,0x0,0x34,0x1,0x0,0x80000078,0x4,0x0,0x80000084,0x0,0x0,0x1,0x4a,0x0,0x1,0x4a,0x0,0x0,0x0,0x0,0x80000084,0xd,0xc,0x0,0x0,0x0,0x0,0x800000a4,0x80000084,0x2,0xffffffff,0xa00000080
4440,8880,0x0,0x4b,0x0,0x0,0x0,0x0,0x34,0x1,0x0,0x80000078,0x4,0x0,0x80000084,0x0,0x0,0x1,0x4a,0x0,0x1,0x4a,0x0,0x0,0x0,0x0,0x80000084,0xd,0xc,0x0,0x0,0x1,0x0,0x80000094,0x80000084,0x2,0xffffffff,0xa00000080
4441,8882,0x0,0x4b,0x0,0x0,0x0,0x0,0x34,0x1,0x0,0x80000078,0x4,0x0,0x80000084,0x0,0x0,0x1,0x4a,0x0,0x1,0x4a,0x0,0x0,0x0,0x0,0x80000084,0xd,0xc,0x0,0x0,0x1,0x1,0x80000094,0x80000084,0x2,0xffffffff,0xa00000080
4442,8884,0x0,0x4b,0x0,0x0,0x0,0x0,0x34,0x1,0x0,0x80000078,0x4,0x0,0x80000084,0x0,0x0,0x1,0x4a,0x0,0x1,0x4a,0x0,0x0,0x0,0x0,0x80000084,0xd,0xc,0x0,0x0,0x1,0x1,0x800000b4,0x80000084,0x2,0xffffffff,0xa00000080
4443,8886,0x0,0x4b,0x0,0x0,0x0,0x0,0x34,0x1,0x0,0x80000078,0x4,0x0,0x80000084,0x0,0x0,0x1,0x4a,0x0,0x1,0x4a,0x0,0x0,0x0,0x0,0x80000084,0xd,0xc,0x0,0x0,0x1,0x1,0x800000d4,0x80000084,0x2,0xffffffff,0xa00000080
4444,8888,0x0,0x4b,0x0,0x0,0x0,0x0,0x34,0x1,0x0,0x80000078,0x4,0x0,0x80000084,0x0,0x0,0x1,0x4a,0x0,0x1,0x4a,0x0,0x0,0x0,0x0,0x80000084,0xd,0xc,0x0,0x0,0x1,0x1,0x800000f4,0x80000084,0x2,0xffffffff,0xa00000080
4445,8890,0x0,0x4e,0x0,0x0,0x0,0x0,0x34,0x1,0x0,0x80000078,0x4,0x0,0x80000084,0x0,0x0,0x1,0x4a,0x0,0x1,0x4a,0x0,0x0,0x0,0x0,0x80000084,0xd,0xc,0x0,0x0,0x1,0x0,0x80000114,0x80000084,0x2,0xffffffff,0xa00000080
4446,8892,0x0,0x50,0x0,0x0,0x0,0x0,0x34,0x1,0x0,0x80000078,0x4,0x0,0x80000084,0x0,0x0,0x1,0x4a,0x0,0x1,0x4a,0x0,0x0,0x0,0x0,0x80000084,0xd,0xc,0x0,0x0,0x0,0x0,0x80000114,0x80000084,0x2,0xffffffff,0xa00000080
4447,8894,0x0,0x50,0x0,0x0,0x0,0x0,0x34,0x1,0x0,0x80000078,0x4,0x0,0x80000084,0x0,0x0,0x1,0x4a,0x0,0x1,0x4a,0x0,0x0,0x0,0x0,0x80000084,0xd,0xc,0x0,0x0,0x0,0x0,0x800000b4,0x80000084,0x2,0xffffffff,0xa00000080
4448,8896,0x0,0x50,0x0,0x0,0x0,0x0,0x34,0x1,0x0,0x80000078,0x4,0x0,0x80000084,0x0,0x0,0x1,0x4a,0x0,0x1,0x4a,0x0,0x0,0x0,0x0,0x80000084,0xd,0xc,0x0,0x0,0x0,0x0,0x800000b4,0x80000084,0x2,0xffffffff,0xa00000080
4449,8898,0x0,0x50,0x0,0x0,0x0,0x0,0x34,0x1,0x0,0x80000078,0x4,0x0,0x80000084,0x0,0x0,0x1,0x4a,0x0,0x1,0x4a,0x0,0x0,0x0,0x0,0x80000084,0xd,0xc,0x0,0x0,0x1,0x0,0x80000094,0x80000084,0x2,0xffffffff,0xa00000080
4450,8900,0x0,0x50,0x0,0x0,0x0,0x0,0x34,0x1,0x0,0x80000078,0x4,0x0,0x80000084,0x0,0x0,0x1,0x4a,0x0,0x1,0x4a,0x0,0x0,0x0,0x0,0x80000084,0xd,0xc,0x0,0x0,0x1,0x1,0x80000094,0x80000084,0x2,0xffffffff,0xa00000080
4451,8902,0x0,0x50,0x0,0x0,0x0,0x0,0x34,0x1,0x0,0x80000078,0x4,0x0,0x80000084,0x0,0x0,0x1,0x4a,0x0,0x1,0x4a,0x0,0x0,0x0,0x0,0x80000084,0xd,0xc,0x0,0x0,0x1,0x1,0x800000b4,0x80000084,0x2,0xffffffff,0xa00000080
4452,8904,0x0,0x50,0x0,0x0,0x0,0x0,0x34,0x1,0x0,0x80000078,0x4,0x0,0x80000084,0x0,0x0,0x1,0x4a,0x0,0x1,0x4a,0x0,0x0,0x0,0x0,0x80000084,0xd,0xc,0x0,0x0,0x1,0x1,0x800000d4,0x80000084,0x2,0xffffffff,0xa00000080
4453,8906,0x0,0x50,0x0,0x0,0x0,0x0,0x34,0x1,0x0,0x80000078,0x4,0x0,0x80000084,0x0,0x0,0x1,0x4a,0x0,0x1,0x4a,0x0,0x0,0x0,0x0,0x80000084,0xd,0xc,0x0,0x0,0x1,0x1,0x800000f4,0x80000084,0x2,0xffffffff,0xa00000080
4454,8908,0x0,0x51,0x0,0x0,0x0,0x0,0x34,0x1,0x0,0x80000078,0x4,0x0,0x80000084,0x0,0x0,0x1,0x4a,0x0,0x1,0x4a,0x0,0x0,0x0,0x0,0x80000084,0xd,0xc,0x0,0x0,0x1,0x0,0x80000114,0x80000084,0x2,0xffffffff,0xa00000080
4455,8910,0x0,0x51,0x0,0x0,0x0,0x0,0x34,0x1,0x0,0x80000078,0x4,0x0,0x80000084,0x0,0x0,0x1,0x4a,0x0,0x1,0x4a,0x0,0x0,0x0,0x0,0x80000084,0xd,0xc,0x0,0x0,0x0,0x0,0x80000114,0x80000084,0x2,0xffffffff,0xa00000080
4456,8912,0x0,0x51,0x0,0x0,0x0,0x0,0x34,0x1,0x0,0x80000078,0x4,0x0,0x80000084,0x0,0x0,0x1,0x4a,0x0,0x1,0x4a,0x0,0x0,0x0,0x0,0x80000084,0xd,0xc,0x0,0x0,0x0,0x0,0x800000b4,0x80000084,0x2,0xffffffff,0xa00000080
