cycle,time_ps,interface,valid,ready,fire,pc,instr,rob_flag,rob_value,ex2,ex11,pdest
4200,8400,TOP.SimTop.cpu.l_soc.core_with_l2.core.backend.inner_ctrlBlock.decode.io_in_0,1,1,1,0x80000000,0x30401073,not-on-interface,not-on-interface,0x0,0x0,not-on-interface
4200,8400,TOP.SimTop.cpu.l_soc.core_with_l2.core.backend.inner_ctrlBlock.decode.io_in_1,1,1,1,0x80000004,0x30047073,not-on-interface,not-on-interface,0x0,0x0,not-on-interface
4200,8400,TOP.SimTop.cpu.l_soc.core_with_l2.core.backend.inner_ctrlBlock.decode.io_in_2,1,1,1,0x80000008,0x30201073,not-on-interface,not-on-interface,0x0,0x0,not-on-interface
4200,8400,TOP.SimTop.cpu.l_soc.core_with_l2.core.backend.inner_ctrlBlock.decode.io_in_3,1,1,1,0x8000000c,0x297,not-on-interface,not-on-interface,0x0,0x0,not-on-interface
4200,8400,TOP.SimTop.cpu.l_soc.core_with_l2.core.backend.inner_ctrlBlock.decode.io_in_4,1,1,1,0x80000010,0xf428293,not-on-interface,not-on-interface,0x0,0x0,not-on-interface
4200,8400,TOP.SimTop.cpu.l_soc.core_with_l2.core.backend.inner_ctrlBlock.decode.io_in_5,1,1,1,0x80000014,0x30529073,not-on-interface,not-on-interface,0x0,0x0,not-on-interface
4200,8400,TOP.SimTop.cpu.l_soc.core_with_l2.core.backend.inner_ctrlBlock.decode.io_out_0,1,1,1,0x80000000,0x30401073,not-on-interface,not-on-interface,0x0,0x0,not-on-interface
4200,8400,TOP.SimTop.cpu.l_soc.core_with_l2.core.backend.inner_ctrlBlock.decode.io_out_1,1,1,1,0x80000004,0x30047073,not-on-interface,not-on-interface,0x0,0x0,not-on-interface
4200,8400,TOP.SimTop.cpu.l_soc.core_with_l2.core.backend.inner_ctrlBlock.decode.io_out_2,1,1,1,0x80000008,0x30201073,not-on-interface,not-on-interface,0x0,0x0,not-on-interface
4200,8400,TOP.SimTop.cpu.l_soc.core_with_l2.core.backend.inner_ctrlBlock.decode.io_out_3,1,1,1,0x8000000c,0x297,not-on-interface,not-on-interface,0x0,0x0,not-on-interface
4200,8400,TOP.SimTop.cpu.l_soc.core_with_l2.core.backend.inner_ctrlBlock.decode.io_out_4,1,1,1,0x80000010,0xf428293,not-on-interface,not-on-interface,0x0,0x0,not-on-interface
4200,8400,TOP.SimTop.cpu.l_soc.core_with_l2.core.backend.inner_ctrlBlock.decode.io_out_5,1,1,1,0x80000014,0x30529073,not-on-interface,not-on-interface,0x0,0x0,not-on-interface
4201,8402,TOP.SimTop.cpu.l_soc.core_with_l2.core.backend.inner_ctrlBlock.decode.io_in_0,1,1,1,0x80000018,0x413,not-on-interface,not-on-interface,0x0,0x0,not-on-interface
4201,8402,TOP.SimTop.cpu.l_soc.core_with_l2.core.backend.inner_ctrlBlock.decode.io_in_1,1,1,1,0x8000001c,0x493,not-on-interface,not-on-interface,0x0,0x0,not-on-interface
4201,8402,TOP.SimTop.cpu.l_soc.core_with_l2.core.backend.inner_ctrlBlock.decode.io_out_0,1,1,1,0x80000018,0x413,not-on-interface,not-on-interface,0x0,0x0,not-on-interface
4201,8402,TOP.SimTop.cpu.l_soc.core_with_l2.core.backend.inner_ctrlBlock.decode.io_out_1,1,1,1,0x8000001c,0x493,not-on-interface,not-on-interface,0x0,0x0,not-on-interface
4201,8402,TOP.SimTop.cpu.l_soc.core_with_l2.core.backend.inner_ctrlBlock.rename.io_in_0,1,1,1,0x80000000,0x30401073,not-on-interface,not-on-interface,0x0,0x0,not-on-interface
4201,8402,TOP.SimTop.cpu.l_soc.core_with_l2.core.backend.inner_ctrlBlock.rename.io_in_1,1,1,1,0x80000004,0x30047073,not-on-interface,not-on-interface,0x0,0x0,not-on-interface
4201,8402,TOP.SimTop.cpu.l_soc.core_with_l2.core.backend.inner_ctrlBlock.rename.io_in_2,1,1,1,0x80000008,0x30201073,not-on-interface,not-on-interface,0x0,0x0,not-on-interface
4201,8402,TOP.SimTop.cpu.l_soc.core_with_l2.core.backend.inner_ctrlBlock.rename.io_in_3,1,1,1,0x8000000c,0x297,not-on-interface,not-on-interface,0x0,0x0,not-on-interface
4201,8402,TOP.SimTop.cpu.l_soc.core_with_l2.core.backend.inner_ctrlBlock.rename.io_in_4,1,1,1,0x80000010,0xf428293,not-on-interface,not-on-interface,0x0,0x0,not-on-interface
4201,8402,TOP.SimTop.cpu.l_soc.core_with_l2.core.backend.inner_ctrlBlock.rename.io_in_5,1,1,1,0x80000014,0x30529073,not-on-interface,not-on-interface,0x0,0x0,not-on-interface
4201,8402,TOP.SimTop.cpu.l_soc.core_with_l2.core.backend.inner_ctrlBlock.rename.io_out_0,1,1,1,0x80000000,0x30401073,0x0,0x3,0x0,0x0,0x0
4201,8402,TOP.SimTop.cpu.l_soc.core_with_l2.core.backend.inner_ctrlBlock.rename.io_out_1,1,1,1,0x80000004,0x30047073,0x0,0x4,0x0,0x0,0x0
4201,8402,TOP.SimTop.cpu.l_soc.core_with_l2.core.backend.inner_ctrlBlock.rename.io_out_2,1,1,1,0x80000008,0x30201073,0x0,0x5,0x0,0x0,0x0
4201,8402,TOP.SimTop.cpu.l_soc.core_with_l2.core.backend.inner_ctrlBlock.rename.io_out_3,1,1,1,0x8000000c,0x297,0x0,0x6,0x0,0x0,0x3
4201,8402,TOP.SimTop.cpu.l_soc.core_with_l2.core.backend.inner_ctrlBlock.rename.io_out_4,1,1,1,0x80000010,0xf428293,0x0,0x7,0x0,0x0,0x4
4201,8402,TOP.SimTop.cpu.l_soc.core_with_l2.core.backend.inner_ctrlBlock.rename.io_out_5,1,1,1,0x80000014,0x30529073,0x0,0x8,0x0,0x0,0x0
4202,8404,TOP.SimTop.cpu.l_soc.core_with_l2.core.backend.inner_ctrlBlock.dispatch.io_fromRename_0,1,1,1,0x80000000,0x30401073,0x0,0x3,0x0,0x0,0x0
4211,8422,TOP.SimTop.cpu.l_soc.core_with_l2.core.backend.inner_ctrlBlock.dispatch.io_fromRename_1,1,1,1,0x80000004,0x30047073,0x0,0x4,0x0,0x0,0x0
4220,8440,TOP.SimTop.cpu.l_soc.core_with_l2.core.backend.inner_ctrlBlock.dispatch.io_fromRename_2,1,1,1,0x80000008,0x30201073,0x0,0x5,0x0,0x0,0x0
4229,8458,TOP.SimTop.cpu.l_soc.core_with_l2.core.backend.inner_ctrlBlock.dispatch.io_fromRename_3,1,1,1,0x8000000c,0x297,0x0,0x6,0x0,0x0,0x3
4229,8458,TOP.SimTop.cpu.l_soc.core_with_l2.core.backend.inner_ctrlBlock.dispatch.io_fromRename_4,1,1,1,0x80000010,0xf428293,0x0,0x7,0x0,0x0,0x4
4241,8482,TOP.SimTop.cpu.l_soc.core_with_l2.core.backend.inner_ctrlBlock.decode.io_in_0,1,1,1,0x80000020,0x913,not-on-interface,not-on-interface,0x0,0x0,not-on-interface
4241,8482,TOP.SimTop.cpu.l_soc.core_with_l2.core.backend.inner_ctrlBlock.decode.io_in_1,1,1,1,0x80000024,0x997,not-on-interface,not-on-interface,0x0,0x0,not-on-interface
4241,8482,TOP.SimTop.cpu.l_soc.core_with_l2.core.backend.inner_ctrlBlock.decode.io_in_2,1,1,1,0x80000028,0x1dc98993,not-on-interface,not-on-interface,0x0,0x0,not-on-interface
4241,8482,TOP.SimTop.cpu.l_soc.core_with_l2.core.backend.inner_ctrlBlock.decode.io_in_3,1,1,1,0x8000002c,0xa17,not-on-interface,not-on-interface,0x0,0x0,not-on-interface
4241,8482,TOP.SimTop.cpu.l_soc.core_with_l2.core.backend.inner_ctrlBlock.decode.io_in_4,1,1,1,0x80000030,0x18a0a13,not-on-interface,not-on-interface,0x0,0x0,not-on-interface
4241,8482,TOP.SimTop.cpu.l_soc.core_with_l2.core.backend.inner_ctrlBlock.decode.io_in_5,1,1,1,0x80000034,0xa97,not-on-interface,not-on-interface,0x0,0x0,not-on-interface
4241,8482,TOP.SimTop.cpu.l_soc.core_with_l2.core.backend.inner_ctrlBlock.decode.io_out_0,1,1,1,0x80000020,0x913,not-on-interface,not-on-interface,0x0,0x0,not-on-interface
4241,8482,TOP.SimTop.cpu.l_soc.core_with_l2.core.backend.inner_ctrlBlock.decode.io_out_1,1,1,1,0x80000024,0x997,not-on-interface,not-on-interface,0x0,0x0,not-on-interface
4241,8482,TOP.SimTop.cpu.l_soc.core_with_l2.core.backend.inner_ctrlBlock.decode.io_out_2,1,1,1,0x80000028,0x1dc98993,not-on-interface,not-on-interface,0x0,0x0,not-on-interface
4241,8482,TOP.SimTop.cpu.l_soc.core_with_l2.core.backend.inner_ctrlBlock.decode.io_out_3,1,1,1,0x8000002c,0xa17,not-on-interface,not-on-interface,0x0,0x0,not-on-interface
4241,8482,TOP.SimTop.cpu.l_soc.core_with_l2.core.backend.inner_ctrlBlock.decode.io_out_4,1,1,1,0x80000030,0x18a0a13,not-on-interface,not-on-interface,0x0,0x0,not-on-interface
4241,8482,TOP.SimTop.cpu.l_soc.core_with_l2.core.backend.inner_ctrlBlock.decode.io_out_5,1,1,1,0x80000034,0xa97,not-on-interface,not-on-interface,0x0,0x0,not-on-interface
4241,8482,TOP.SimTop.cpu.l_soc.core_with_l2.core.backend.inner_ctrlBlock.dispatch.io_fromRename_5,1,1,1,0x80000014,0x30529073,0x0,0x8,0x0,0x0,0x0
4241,8482,TOP.SimTop.cpu.l_soc.core_with_l2.core.backend.inner_ctrlBlock.rename.io_in_0,1,1,1,0x80000018,0x413,not-on-interface,not-on-interface,0x0,0x0,not-on-interface
4241,8482,TOP.SimTop.cpu.l_soc.core_with_l2.core.backend.inner_ctrlBlock.rename.io_in_1,1,1,1,0x8000001c,0x493,not-on-interface,not-on-interface,0x0,0x0,not-on-interface
4241,8482,TOP.SimTop.cpu.l_soc.core_with_l2.core.backend.inner_ctrlBlock.rename.io_out_0,1,1,1,0x80000018,0x413,0x0,0x9,0x0,0x0,0x0
4241,8482,TOP.SimTop.cpu.l_soc.core_with_l2.core.backend.inner_ctrlBlock.rename.io_out_1,1,1,1,0x8000001c,0x493,0x0,0xa,0x0,0x0,0x0
4250,8500,TOP.SimTop.cpu.l_soc.core_with_l2.core.backend.inner_ctrlBlock.decode.io_in_0,1,1,1,0x80000038,0x1ca8a93,not-on-interface,not-on-interface,0x0,0x0,not-on-interface
4250,8500,TOP.SimTop.cpu.l_soc.core_with_l2.core.backend.inner_ctrlBlock.decode.io_in_1,1,1,1,0x8000003c,0xb00b13,not-on-interface,not-on-interface,0x0,0x0,not-on-interface
4250,8500,TOP.SimTop.cpu.l_soc.core_with_l2.core.backend.inner_ctrlBlock.decode.io_in_2,1,1,1,0x80000040,0xb93,not-on-interface,not-on-interface,0x0,0x0,not-on-interface
4250,8500,TOP.SimTop.cpu.l_soc.core_with_l2.core.backend.inner_ctrlBlock.decode.io_in_3,1,1,1,0x80000044,0x73,not-on-interface,not-on-interface,0x0,0x0,not-on-interface
4250,8500,TOP.SimTop.cpu.l_soc.core_with_l2.core.backend.inner_ctrlBlock.decode.io_in_4,1,1,1,0x80000048,0x148493,not-on-interface,not-on-interface,0x0,0x0,not-on-interface
4250,8500,TOP.SimTop.cpu.l_soc.core_with_l2.core.backend.inner_ctrlBlock.decode.io_in_5,1,1,1,0x8000004c,0x190913,not-on-interface,not-on-interface,0x0,0x0,not-on-interface
4250,8500,TOP.SimTop.cpu.l_soc.core_with_l2.core.backend.inner_ctrlBlock.decode.io_out_0,1,1,1,0x80000038,0x1ca8a93,not-on-interface,not-on-interface,0x0,0x0,not-on-interface
4250,8500,TOP.SimTop.cpu.l_soc.core_with_l2.core.backend.inner_ctrlBlock.decode.io_out_1,1,1,1,0x8000003c,0xb00b13,not-on-interface,not-on-interface,0x0,0x0,not-on-interface
4250,8500,TOP.SimTop.cpu.l_soc.core_with_l2.core.backend.inner_ctrlBlock.decode.io_out_2,1,1,1,0x80000040,0xb93,not-on-interface,not-on-interface,0x0,0x0,not-on-interface
4250,8500,TOP.SimTop.cpu.l_soc.core_with_l2.core.backend.inner_ctrlBlock.decode.io_out_3,1,1,1,0x80000044,0x73,not-on-interface,not-on-interface,0x0,0x0,not-on-interface
4250,8500,TOP.SimTop.cpu.l_soc.core_with_l2.core.backend.inner_ctrlBlock.decode.io_out_4,1,1,1,0x80000048,0x148493,not-on-interface,not-on-interface,0x0,0x0,not-on-interface
4250,8500,TOP.SimTop.cpu.l_soc.core_with_l2.core.backend.inner_ctrlBlock.decode.io_out_5,1,1,1,0x8000004c,0x190913,not-on-interface,not-on-interface,0x0,0x0,not-on-interface
4250,8500,TOP.SimTop.cpu.l_soc.core_with_l2.core.backend.inner_ctrlBlock.dispatch.io_fromRename_0,1,1,1,0x80000018,0x413,0x0,0x9,0x0,0x0,0x0
4250,8500,TOP.SimTop.cpu.l_soc.core_with_l2.core.backend.inner_ctrlBlock.dispatch.io_fromRename_1,1,1,1,0x8000001c,0x493,0x0,0xa,0x0,0x0,0x0
4250,8500,TOP.SimTop.cpu.l_soc.core_with_l2.core.backend.inner_ctrlBlock.rename.io_in_0,1,1,1,0x80000020,0x913,not-on-interface,not-on-interface,0x0,0x0,not-on-interface
4250,8500,TOP.SimTop.cpu.l_soc.core_with_l2.core.backend.inner_ctrlBlock.rename.io_in_1,1,1,1,0x80000024,0x997,not-on-interface,not-on-interface,0x0,0x0,not-on-interface
4250,8500,TOP.SimTop.cpu.l_soc.core_with_l2.core.backend.inner_ctrlBlock.rename.io_in_2,1,1,1,0x80000028,0x1dc98993,not-on-interface,not-on-interface,0x0,0x0,not-on-interface
4250,8500,TOP.SimTop.cpu.l_soc.core_with_l2.core.backend.inner_ctrlBlock.rename.io_in_3,1,1,1,0x8000002c,0xa17,not-on-interface,not-on-interface,0x0,0x0,not-on-interface
4250,8500,TOP.SimTop.cpu.l_soc.core_with_l2.core.backend.inner_ctrlBlock.rename.io_in_4,1,1,1,0x80000030,0x18a0a13,not-on-interface,not-on-interface,0x0,0x0,not-on-interface
4250,8500,TOP.SimTop.cpu.l_soc.core_with_l2.core.backend.inner_ctrlBlock.rename.io_in_5,1,1,1,0x80000034,0xa97,not-on-interface,not-on-interface,0x0,0x0,not-on-interface
4250,8500,TOP.SimTop.cpu.l_soc.core_with_l2.core.backend.inner_ctrlBlock.rename.io_out_0,1,1,1,0x80000020,0x913,0x0,0xb,0x0,0x0,0x0
4250,8500,TOP.SimTop.cpu.l_soc.core_with_l2.core.backend.inner_ctrlBlock.rename.io_out_1,1,1,1,0x80000024,0x997,0x0,0xc,0x0,0x0,0x5
4250,8500,TOP.SimTop.cpu.l_soc.core_with_l2.core.backend.inner_ctrlBlock.rename.io_out_2,1,1,1,0x80000028,0x1dc98993,0x0,0xd,0x0,0x0,0x6
4250,8500,TOP.SimTop.cpu.l_soc.core_with_l2.core.backend.inner_ctrlBlock.rename.io_out_3,1,1,1,0x8000002c,0xa17,0x0,0xe,0x0,0x0,0x7
4250,8500,TOP.SimTop.cpu.l_soc.core_with_l2.core.backend.inner_ctrlBlock.rename.io_out_4,1,1,1,0x80000030,0x18a0a13,0x0,0xf,0x0,0x0,0x8
4250,8500,TOP.SimTop.cpu.l_soc.core_with_l2.core.backend.inner_ctrlBlock.rename.io_out_5,1,1,1,0x80000034,0xa97,0x0,0x10,0x0,0x0,0x9
4251,8502,TOP.SimTop.cpu.l_soc.core_with_l2.core.backend.inner_ctrlBlock.decode.io_in_0,1,1,1,0x80000050,0x4049863,not-on-interface,not-on-interface,0x0,0x0,not-on-interface
4251,8502,TOP.SimTop.cpu.l_soc.core_with_l2.core.backend.inner_ctrlBlock.decode.io_in_1,1,1,1,0x80000054,0x4091663,not-on-interface,not-on-interface,0x0,0x0,not-on-interface
4251,8502,TOP.SimTop.cpu.l_soc.core_with_l2.core.backend.inner_ctrlBlock.decode.io_in_2,1,1,1,0x80000058,0x100293,not-on-interface,not-on-interface,0x0,0x0,not-on-interface
4251,8502,TOP.SimTop.cpu.l_soc.core_with_l2.core.backend.inner_ctrlBlock.decode.io_in_3,1,1,1,0x8000005c,0x4541263,not-on-interface,not-on-interface,0x0,0x0,not-on-interface
4251,8502,TOP.SimTop.cpu.l_soc.core_with_l2.core.backend.inner_ctrlBlock.decode.io_in_4,1,1,1,0x80000060,0xa17,not-on-interface,not-on-interface,0x0,0x0,not-on-interface
4251,8502,TOP.SimTop.cpu.l_soc.core_with_l2.core.backend.inner_ctrlBlock.decode.io_in_5,1,1,1,0x80000064,0x18a0a13,not-on-interface,not-on-interface,0x0,0x0,not-on-interface
4251,8502,TOP.SimTop.cpu.l_soc.core_with_l2.core.backend.inner_ctrlBlock.decode.io_out_0,1,1,1,0x80000050,0x4049863,not-on-interface,not-on-interface,0x0,0x0,not-on-interface
4251,8502,TOP.SimTop.cpu.l_soc.core_with_l2.core.backend.inner_ctrlBlock.decode.io_out_1,1,1,1,0x80000054,0x4091663,not-on-interface,not-on-interface,0x0,0x0,not-on-interface
4251,8502,TOP.SimTop.cpu.l_soc.core_with_l2.core.backend.inner_ctrlBlock.decode.io_out_2,1,1,1,0x80000058,0x100293,not-on-interface,not-on-interface,0x0,0x0,not-on-interface
4251,8502,TOP.SimTop.cpu.l_soc.core_with_l2.core.backend.inner_ctrlBlock.decode.io_out_3,1,1,1,0x8000005c,0x4541263,not-on-interface,not-on-interface,0x0,0x0,not-on-interface
4251,8502,TOP.SimTop.cpu.l_soc.core_with_l2.core.backend.inner_ctrlBlock.decode.io_out_4,1,1,1,0x80000060,0xa17,not-on-interface,not-on-interface,0x0,0x0,not-on-interface
4251,8502,TOP.SimTop.cpu.l_soc.core_with_l2.core.backend.inner_ctrlBlock.decode.io_out_5,1,1,1,0x80000064,0x18a0a13,not-on-interface,not-on-interface,0x0,0x0,not-on-interface
4251,8502,TOP.SimTop.cpu.l_soc.core_with_l2.core.backend.inner_ctrlBlock.dispatch.io_fromRename_0,1,1,1,0x80000020,0x913,0x0,0xb,0x0,0x0,0x0
4251,8502,TOP.SimTop.cpu.l_soc.core_with_l2.core.backend.inner_ctrlBlock.dispatch.io_fromRename_1,1,1,1,0x80000024,0x997,0x0,0xc,0x0,0x0,0x5
4251,8502,TOP.SimTop.cpu.l_soc.core_with_l2.core.backend.inner_ctrlBlock.dispatch.io_fromRename_2,1,1,1,0x80000028,0x1dc98993,0x0,0xd,0x0,0x0,0x6
4251,8502,TOP.SimTop.cpu.l_soc.core_with_l2.core.backend.inner_ctrlBlock.dispatch.io_fromRename_3,1,1,1,0x8000002c,0xa17,0x0,0xe,0x0,0x0,0x7
4251,8502,TOP.SimTop.cpu.l_soc.core_with_l2.core.backend.inner_ctrlBlock.dispatch.io_fromRename_4,1,1,1,0x80000030,0x18a0a13,0x0,0xf,0x0,0x0,0x8
4251,8502,TOP.SimTop.cpu.l_soc.core_with_l2.core.backend.inner_ctrlBlock.dispatch.io_fromRename_5,1,1,1,0x80000034,0xa97,0x0,0x10,0x0,0x0,0x9
4251,8502,TOP.SimTop.cpu.l_soc.core_with_l2.core.backend.inner_ctrlBlock.rename.io_in_0,1,1,1,0x80000038,0x1ca8a93,not-on-interface,not-on-interface,0x0,0x0,not-on-interface
4251,8502,TOP.SimTop.cpu.l_soc.core_with_l2.core.backend.inner_ctrlBlock.rename.io_in_1,1,1,1,0x8000003c,0xb00b13,not-on-interface,not-on-interface,0x0,0x0,not-on-interface
4251,8502,TOP.SimTop.cpu.l_soc.core_with_l2.core.backend.inner_ctrlBlock.rename.io_in_2,1,1,1,0x80000040,0xb93,not-on-interface,not-on-interface,0x0,0x0,not-on-interface
4251,8502,TOP.SimTop.cpu.l_soc.core_with_l2.core.backend.inner_ctrlBlock.rename.io_in_3,1,1,1,0x80000044,0x73,not-on-interface,not-on-interface,0x0,0x0,not-on-interface
4251,8502,TOP.SimTop.cpu.l_soc.core_with_l2.core.backend.inner_ctrlBlock.rename.io_in_4,1,1,1,0x80000048,0x148493,not-on-interface,not-on-interface,0x0,0x0,not-on-interface
4251,8502,TOP.SimTop.cpu.l_soc.core_with_l2.core.backend.inner_ctrlBlock.rename.io_in_5,1,1,1,0x8000004c,0x190913,not-on-interface,not-on-interface,0x0,0x0,not-on-interface
4251,8502,TOP.SimTop.cpu.l_soc.core_with_l2.core.backend.inner_ctrlBlock.rename.io_out_0,1,1,1,0x80000038,0x1ca8a93,0x0,0x11,0x0,0x0,0xa
4251,8502,TOP.SimTop.cpu.l_soc.core_with_l2.core.backend.inner_ctrlBlock.rename.io_out_1,1,1,1,0x8000003c,0xb00b13,0x0,0x12,0x0,0x0,0xb
4251,8502,TOP.SimTop.cpu.l_soc.core_with_l2.core.backend.inner_ctrlBlock.rename.io_out_2,1,1,1,0x80000040,0xb93,0x0,0x13,0x0,0x0,0x0
4251,8502,TOP.SimTop.cpu.l_soc.core_with_l2.core.backend.inner_ctrlBlock.rename.io_out_3,1,1,1,0x80000044,0x73,0x0,0x14,0x0,0x0,0x0
4251,8502,TOP.SimTop.cpu.l_soc.core_with_l2.core.backend.inner_ctrlBlock.rename.io_out_4,1,1,1,0x80000048,0x148493,0x0,0x15,0x0,0x0,0xc
4251,8502,TOP.SimTop.cpu.l_soc.core_with_l2.core.backend.inner_ctrlBlock.rename.io_out_5,1,1,1,0x8000004c,0x190913,0x0,0x15,0x0,0x0,0xd
4252,8504,TOP.SimTop.cpu.l_soc.core_with_l2.core.backend.inner_ctrlBlock.dispatch.io_fromRename_0,1,1,1,0x80000038,0x1ca8a93,0x0,0x11,0x0,0x0,0xa
4252,8504,TOP.SimTop.cpu.l_soc.core_with_l2.core.backend.inner_ctrlBlock.dispatch.io_fromRename_1,1,1,1,0x8000003c,0xb00b13,0x0,0x12,0x0,0x0,0xb
4252,8504,TOP.SimTop.cpu.l_soc.core_with_l2.core.backend.inner_ctrlBlock.dispatch.io_fromRename_2,1,1,1,0x80000040,0xb93,0x0,0x13,0x0,0x0,0x0
4264,8528,TOP.SimTop.cpu.l_soc.core_with_l2.core.backend.inner_ctrlBlock.dispatch.io_fromRename_3,1,1,1,0x80000044,0x73,0x0,0x14,0x0,0x0,0x0
4277,8554,TOP.SimTop.cpu.l_soc.core_with_l2.core.backend.inner_ctrlBlock.decode.io_out_0,1,1,1,0x80000098,0x6b,not-on-interface,not-on-interface,0x0,0x0,not-on-interface
4277,8554,TOP.SimTop.cpu.l_soc.core_with_l2.core.backend.inner_ctrlBlock.decode.io_out_1,1,1,1,0x8000009c,0xff9ff06f,not-on-interface,not-on-interface,0x0,0x0,not-on-interface
4277,8554,TOP.SimTop.cpu.l_soc.core_with_l2.core.backend.inner_ctrlBlock.decode.io_out_2,1,1,1,0x80000094,0x513,not-on-interface,not-on-interface,0x0,0x0,not-on-interface
4277,8554,TOP.SimTop.cpu.l_soc.core_with_l2.core.backend.inner_ctrlBlock.decode.io_out_3,1,1,1,0x80000098,0x6b,not-on-interface,not-on-interface,0x0,0x0,not-on-interface
4277,8554,TOP.SimTop.cpu.l_soc.core_with_l2.core.backend.inner_ctrlBlock.decode.io_out_4,1,1,1,0x8000009c,0xff9ff06f,not-on-interface,not-on-interface,0x0,0x0,not-on-interface
4277,8554,TOP.SimTop.cpu.l_soc.core_with_l2.core.backend.inner_ctrlBlock.decode.io_out_5,1,1,1,0x80000094,0x513,not-on-interface,not-on-interface,0x0,0x0,not-on-interface
4278,8556,TOP.SimTop.cpu.l_soc.core_with_l2.core.backend.inner_ctrlBlock.decode.io_out_0,1,1,1,0x80000098,0x6b,not-on-interface,not-on-interface,0x0,0x0,not-on-interface
4278,8556,TOP.SimTop.cpu.l_soc.core_with_l2.core.backend.inner_ctrlBlock.decode.io_out_1,1,1,1,0x8000009c,0xff9ff06f,not-on-interface,not-on-interface,0x0,0x0,not-on-interface
4278,8556,TOP.SimTop.cpu.l_soc.core_with_l2.core.backend.inner_ctrlBlock.decode.io_out_2,1,1,1,0x80000094,0x513,not-on-interface,not-on-interface,0x0,0x0,not-on-interface
4278,8556,TOP.SimTop.cpu.l_soc.core_with_l2.core.backend.inner_ctrlBlock.decode.io_out_3,1,1,1,0x80000098,0x6b,not-on-interface,not-on-interface,0x0,0x0,not-on-interface
4278,8556,TOP.SimTop.cpu.l_soc.core_with_l2.core.backend.inner_ctrlBlock.decode.io_out_4,1,1,1,0x8000009c,0xff9ff06f,not-on-interface,not-on-interface,0x0,0x0,not-on-interface
4278,8556,TOP.SimTop.cpu.l_soc.core_with_l2.core.backend.inner_ctrlBlock.decode.io_out_5,1,1,1,0x80000094,0x513,not-on-interface,not-on-interface,0x0,0x0,not-on-interface
4279,8558,TOP.SimTop.cpu.l_soc.core_with_l2.core.backend.inner_ctrlBlock.decode.io_out_0,1,1,1,0x80000098,0x6b,not-on-interface,not-on-interface,0x0,0x0,not-on-interface
4279,8558,TOP.SimTop.cpu.l_soc.core_with_l2.core.backend.inner_ctrlBlock.decode.io_out_1,1,1,1,0x8000009c,0xff9ff06f,not-on-interface,not-on-interface,0x0,0x0,not-on-interface
4279,8558,TOP.SimTop.cpu.l_soc.core_with_l2.core.backend.inner_ctrlBlock.decode.io_out_2,1,1,1,0x80000094,0x513,not-on-interface,not-on-interface,0x0,0x0,not-on-interface
4279,8558,TOP.SimTop.cpu.l_soc.core_with_l2.core.backend.inner_ctrlBlock.decode.io_out_3,1,1,1,0x80000098,0x6b,not-on-interface,not-on-interface,0x0,0x0,not-on-interface
4279,8558,TOP.SimTop.cpu.l_soc.core_with_l2.core.backend.inner_ctrlBlock.decode.io_out_4,1,1,1,0x8000009c,0xff9ff06f,not-on-interface,not-on-interface,0x0,0x0,not-on-interface
4280,8560,TOP.SimTop.cpu.l_soc.core_with_l2.core.backend.inner_ctrlBlock.decode.io_out_0,1,1,1,0x80000094,0x513,not-on-interface,not-on-interface,0x0,0x0,not-on-interface
4280,8560,TOP.SimTop.cpu.l_soc.core_with_l2.core.backend.inner_ctrlBlock.decode.io_out_1,1,1,1,0x80000098,0x6b,not-on-interface,not-on-interface,0x0,0x0,not-on-interface
4280,8560,TOP.SimTop.cpu.l_soc.core_with_l2.core.backend.inner_ctrlBlock.decode.io_out_2,1,1,1,0x8000009c,0xff9ff06f,not-on-interface,not-on-interface,0x0,0x0,not-on-interface
4288,8576,TOP.SimTop.cpu.l_soc.core_with_l2.core.backend.inner_ctrlBlock.decode.io_in_0,1,1,1,0x80000100,0x342022f3,not-on-interface,not-on-interface,0x0,0x0,not-on-interface
4288,8576,TOP.SimTop.cpu.l_soc.core_with_l2.core.backend.inner_ctrlBlock.decode.io_in_1,1,1,1,0x80000104,0x34102373,not-on-interface,not-on-interface,0x0,0x0,not-on-interface
4288,8576,TOP.SimTop.cpu.l_soc.core_with_l2.core.backend.inner_ctrlBlock.decode.io_in_2,1,1,1,0x80000108,0x343023f3,not-on-interface,not-on-interface,0x0,0x0,not-on-interface
4288,8576,TOP.SimTop.cpu.l_soc.core_with_l2.core.backend.inner_ctrlBlock.decode.io_in_3,1,1,1,0x8000010c,0x30002e73,not-on-interface,not-on-interface,0x0,0x0,not-on-interface
4288,8576,TOP.SimTop.cpu.l_soc.core_with_l2.core.backend.inner_ctrlBlock.decode.io_in_4,1,1,1,0x80000110,0x59b023,not-on-interface,not-on-interface,0x0,0x0,not-on-interface
4288,8576,TOP.SimTop.cpu.l_soc.core_with_l2.core.backend.inner_ctrlBlock.decode.io_in_5,1,1,1,0x80000114,0x69b423,not-on-interface,not-on-interface,0x0,0x0,not-on-interface
4288,8576,TOP.SimTop.cpu.l_soc.core_with_l2.core.backend.inner_ctrlBlock.decode.io_out_0,1,1,1,0x80000100,0x342022f3,not-on-interface,not-on-interface,0x0,0x0,not-on-interface
4288,8576,TOP.SimTop.cpu.l_soc.core_with_l2.core.backend.inner_ctrlBlock.decode.io_out_1,1,1,1,0x80000104,0x34102373,not-on-interface,not-on-interface,0x0,0x0,not-on-interface
4288,8576,TOP.SimTop.cpu.l_soc.core_with_l2.core.backend.inner_ctrlBlock.decode.io_out_2,1,1,1,0x80000108,0x343023f3,not-on-interface,not-on-interface,0x0,0x0,not-on-interface
4288,8576,TOP.SimTop.cpu.l_soc.core_with_l2.core.backend.inner_ctrlBlock.decode.io_out_3,1,1,1,0x8000010c,0x30002e73,not-on-interface,not-on-interface,0x0,0x0,not-on-interface
4288,8576,TOP.SimTop.cpu.l_soc.core_with_l2.core.backend.inner_ctrlBlock.decode.io_out_4,1,1,1,0x80000110,0x59b023,not-on-interface,not-on-interface,0x0,0x0,not-on-interface
4288,8576,TOP.SimTop.cpu.l_soc.core_with_l2.core.backend.inner_ctrlBlock.decode.io_out_5,1,1,1,0x80000114,0x69b423,not-on-interface,not-on-interface,0x0,0x0,not-on-interface
4289,8578,TOP.SimTop.cpu.l_soc.core_with_l2.core.backend.inner_ctrlBlock.decode.io_in_0,1,1,1,0x80000118,0x79b823,not-on-interface,not-on-interface,0x0,0x0,not-on-interface
4289,8578,TOP.SimTop.cpu.l_soc.core_with_l2.core.backend.inner_ctrlBlock.decode.io_in_1,1,1,1,0x8000011c,0x1c9bc23,not-on-interface,not-on-interface,0x0,0x0,not-on-interface
4289,8578,TOP.SimTop.cpu.l_soc.core_with_l2.core.backend.inner_ctrlBlock.decode.io_out_0,1,1,1,0x80000118,0x79b823,not-on-interface,not-on-interface,0x0,0x0,not-on-interface
4289,8578,TOP.SimTop.cpu.l_soc.core_with_l2.core.backend.inner_ctrlBlock.decode.io_out_1,1,1,1,0x8000011c,0x1c9bc23,not-on-interface,not-on-interface,0x0,0x0,not-on-interface
4289,8578,TOP.SimTop.cpu.l_soc.core_with_l2.core.backend.inner_ctrlBlock.rename.io_in_0,1,1,1,0x80000100,0x342022f3,not-on-interface,not-on-interface,0x0,0x0,not-on-interface
4289,8578,TOP.SimTop.cpu.l_soc.core_with_l2.core.backend.inner_ctrlBlock.rename.io_in_1,1,1,1,0x80000104,0x34102373,not-on-interface,not-on-interface,0x0,0x0,not-on-interface
4289,8578,TOP.SimTop.cpu.l_soc.core_with_l2.core.backend.inner_ctrlBlock.rename.io_in_2,1,1,1,0x80000108,0x343023f3,not-on-interface,not-on-interface,0x0,0x0,not-on-interface
4289,8578,TOP.SimTop.cpu.l_soc.core_with_l2.core.backend.inner_ctrlBlock.rename.io_in_3,1,1,1,0x8000010c,0x30002e73,not-on-interface,not-on-interface,0x0,0x0,not-on-interface
4289,8578,TOP.SimTop.cpu.l_soc.core_with_l2.core.backend.inner_ctrlBlock.rename.io_in_4,1,1,1,0x80000110,0x59b023,not-on-interface,not-on-interface,0x0,0x0,not-on-interface
4289,8578,TOP.SimTop.cpu.l_soc.core_with_l2.core.backend.inner_ctrlBlock.rename.io_in_5,1,1,1,0x80000114,0x69b423,not-on-interface,not-on-interface,0x0,0x0,not-on-interface
4289,8578,TOP.SimTop.cpu.l_soc.core_with_l2.core.backend.inner_ctrlBlock.rename.io_out_0,1,1,1,0x80000100,0x342022f3,0x0,0x14,0x0,0x0,0xc
4289,8578,TOP.SimTop.cpu.l_soc.core_with_l2.core.backend.inner_ctrlBlock.rename.io_out_1,1,1,1,0x80000104,0x34102373,0x0,0x15,0x0,0x0,0xd
4289,8578,TOP.SimTop.cpu.l_soc.core_with_l2.core.backend.inner_ctrlBlock.rename.io_out_2,1,1,1,0x80000108,0x343023f3,0x0,0x16,0x0,0x0,0xe
4289,8578,TOP.SimTop.cpu.l_soc.core_with_l2.core.backend.inner_ctrlBlock.rename.io_out_3,1,1,1,0x8000010c,0x30002e73,0x0,0x17,0x0,0x0,0xf
4289,8578,TOP.SimTop.cpu.l_soc.core_with_l2.core.backend.inner_ctrlBlock.rename.io_out_4,1,1,1,0x80000110,0x59b023,0x0,0x18,0x0,0x0,0x0
4289,8578,TOP.SimTop.cpu.l_soc.core_with_l2.core.backend.inner_ctrlBlock.rename.io_out_5,1,1,1,0x80000114,0x69b423,0x0,0x19,0x0,0x0,0x0
4290,8580,TOP.SimTop.cpu.l_soc.core_with_l2.core.backend.inner_ctrlBlock.dispatch.io_fromRename_0,1,1,1,0x80000100,0x342022f3,0x0,0x14,0x0,0x0,0xc
4290,8580,TOP.SimTop.cpu.l_soc.core_with_l2.core.backend.inner_ctrlBlock.dispatch.io_fromRename_1,1,1,1,0x80000104,0x34102373,0x0,0x15,0x0,0x0,0xd
4291,8582,TOP.SimTop.cpu.l_soc.core_with_l2.core.backend.inner_ctrlBlock.dispatch.io_fromRename_2,1,1,1,0x80000108,0x343023f3,0x0,0x16,0x0,0x0,0xe
4304,8608,TOP.SimTop.cpu.l_soc.core_with_l2.core.backend.inner_ctrlBlock.decode.io_in_0,1,1,1,0x80000120,0xf96290e3,not-on-interface,not-on-interface,0x0,0x0,not-on-interface
4304,8608,TOP.SimTop.cpu.l_soc.core_with_l2.core.backend.inner_ctrlBlock.decode.io_in_1,1,1,1,0x80000124,0xf7431ee3,not-on-interface,not-on-interface,0x0,0x0,not-on-interface
4304,8608,TOP.SimTop.cpu.l_soc.core_with_l2.core.backend.inner_ctrlBlock.decode.io_in_2,1,1,1,0x80000128,0xf7741ce3,not-on-interface,not-on-interface,0x0,0x0,not-on-interface
4304,8608,TOP.SimTop.cpu.l_soc.core_with_l2.core.backend.inner_ctrlBlock.decode.io_in_3,1,1,1,0x8000012c,0xf6049ae3,not-on-interface,not-on-interface,0x0,0x0,not-on-interface
4304,8608,TOP.SimTop.cpu.l_soc.core_with_l2.core.backend.inner_ctrlBlock.decode.io_in_4,1,1,1,0x80000130,0xf60918e3,not-on-interface,not-on-interface,0x0,0x0,not-on-interface
4304,8608,TOP.SimTop.cpu.l_soc.core_with_l2.core.backend.inner_ctrlBlock.decode.io_in_5,1,1,1,0x80000134,0xbe5e93,not-on-interface,not-on-interface,0x0,0x0,not-on-interface
4304,8608,TOP.SimTop.cpu.l_soc.core_with_l2.core.backend.inner_ctrlBlock.decode.io_out_0,1,1,1,0x80000120,0xf96290e3,not-on-interface,not-on-interface,0x0,0x0,not-on-interface
4304,8608,TOP.SimTop.cpu.l_soc.core_with_l2.core.backend.inner_ctrlBlock.decode.io_out_1,1,1,1,0x80000124,0xf7431ee3,not-on-interface,not-on-interface,0x0,0x0,not-on-interface
4304,8608,TOP.SimTop.cpu.l_soc.core_with_l2.core.backend.inner_ctrlBlock.decode.io_out_2,1,1,1,0x80000128,0xf7741ce3,not-on-interface,not-on-interface,0x0,0x0,not-on-interface
4304,8608,TOP.SimTop.cpu.l_soc.core_with_l2.core.backend.inner_ctrlBlock.decode.io_out_3,1,1,1,0x8000012c,0xf6049ae3,not-on-interface,not-on-interface,0x0,0x0,not-on-interface
4304,8608,TOP.SimTop.cpu.l_soc.core_with_l2.core.backend.inner_ctrlBlock.decode.io_out_4,1,1,1,0x80000130,0xf60918e3,not-on-interface,not-on-interface,0x0,0x0,not-on-interface
4304,8608,TOP.SimTop.cpu.l_soc.core_with_l2.core.backend.inner_ctrlBlock.decode.io_out_5,1,1,1,0x80000134,0xbe5e93,not-on-interface,not-on-interface,0x0,0x0,not-on-interface
4304,8608,TOP.SimTop.cpu.l_soc.core_with_l2.core.backend.inner_ctrlBlock.dispatch.io_fromRename_3,1,1,1,0x8000010c,0x30002e73,0x0,0x17,0x0,0x0,0xf
4304,8608,TOP.SimTop.cpu.l_soc.core_with_l2.core.backend.inner_ctrlBlock.dispatch.io_fromRename_4,1,1,1,0x80000110,0x59b023,0x0,0x18,0x0,0x0,0x0
4304,8608,TOP.SimTop.cpu.l_soc.core_with_l2.core.backend.inner_ctrlBlock.dispatch.io_fromRename_5,1,1,1,0x80000114,0x69b423,0x0,0x19,0x0,0x0,0x0
4304,8608,TOP.SimTop.cpu.l_soc.core_with_l2.core.backend.inner_ctrlBlock.rename.io_in_0,1,1,1,0x80000118,0x79b823,not-on-interface,not-on-interface,0x0,0x0,not-on-interface
4304,8608,TOP.SimTop.cpu.l_soc.core_with_l2.core.backend.inner_ctrlBlock.rename.io_in_1,1,1,1,0x8000011c,0x1c9bc23,not-on-interface,not-on-interface,0x0,0x0,not-on-interface
4304,8608,TOP.SimTop.cpu.l_soc.core_with_l2.core.backend.inner_ctrlBlock.rename.io_out_0,1,1,1,0x80000118,0x79b823,0x0,0x1a,0x0,0x0,0x0
4304,8608,TOP.SimTop.cpu.l_soc.core_with_l2.core.backend.inner_ctrlBlock.rename.io_out_1,1,1,1,0x8000011c,0x1c9bc23,0x0,0x1b,0x0,0x0,0x0
4305,8610,TOP.SimTop.cpu.l_soc.core_with_l2.core.backend.inner_ctrlBlock.decode.io_in_0,1,1,1,0x80000138,0x3efe93,not-on-interface,not-on-interface,0x0,0x0,not-on-interface
4305,8610,TOP.SimTop.cpu.l_soc.core_with_l2.core.backend.inner_ctrlBlock.decode.io_in_1,1,1,1,0x8000013c,0x300f13,not-on-interface,not-on-interface,0x0,0x0,not-on-interface
4305,8610,TOP.SimTop.cpu.l_soc.core_with_l2.core.backend.inner_ctrlBlock.decode.io_in_2,1,1,1,0x80000140,0xf7ee90e3,not-on-interface,not-on-interface,0x0,0x0,not-on-interface
4305,8610,TOP.SimTop.cpu.l_soc.core_with_l2.core.backend.inner_ctrlBlock.decode.io_in_3,1,1,1,0x80000144,0x8e7e93,not-on-interface,not-on-interface,0x0,0x0,not-on-interface
4305,8610,TOP.SimTop.cpu.l_soc.core_with_l2.core.backend.inner_ctrlBlock.decode.io_in_4,1,1,1,0x80000148,0xf40e9ce3,not-on-interface,not-on-interface,0x0,0x0,not-on-interface
4305,8610,TOP.SimTop.cpu.l_soc.core_with_l2.core.backend.inner_ctrlBlock.decode.io_in_5,1,1,1,0x8000014c,0x140413,not-on-interface,not-on-interface,0x0,0x0,not-on-interface
4305,8610,TOP.SimTop.cpu.l_soc.core_with_l2.core.backend.inner_ctrlBlock.decode.io_out_0,1,1,1,0x80000138,0x3efe93,not-on-interface,not-on-interface,0x0,0x0,not-on-interface
4305,8610,TOP.SimTop.cpu.l_soc.core_with_l2.core.backend.inner_ctrlBlock.decode.io_out_1,1,1,1,0x8000013c,0x300f13,not-on-interface,not-on-interface,0x0,0x0,not-on-interface
4305,8610,TOP.SimTop.cpu.l_soc.core_with_l2.core.backend.inner_ctrlBlock.decode.io_out_2,1,1,1,0x80000140,0xf7ee90e3,not-on-interface,not-on-interface,0x0,0x0,not-on-interface
4305,8610,TOP.SimTop.cpu.l_soc.core_with_l2.core.backend.inner_ctrlBlock.decode.io_out_3,1,1,1,0x80000144,0x8e7e93,not-on-interface,not-on-interface,0x0,0x0,not-on-interface
4305,8610,TOP.SimTop.cpu.l_soc.core_with_l2.core.backend.inner_ctrlBlock.decode.io_out_4,1,1,1,0x80000148,0xf40e9ce3,not-on-interface,not-on-interface,0x0,0x0,not-on-interface
4305,8610,TOP.SimTop.cpu.l_soc.core_with_l2.core.backend.inner_ctrlBlock.decode.io_out_5,1,1,1,0x8000014c,0x140413,not-on-interface,not-on-interface,0x0,0x0,not-on-interface
4305,8610,TOP.SimTop.cpu.l_soc.core_with_l2.core.backend.inner_ctrlBlock.dispatch.io_fromRename_0,1,1,1,0x80000118,0x79b823,0x0,0x1a,0x0,0x0,0x0
4305,8610,TOP.SimTop.cpu.l_soc.core_with_l2.core.backend.inner_ctrlBlock.dispatch.io_fromRename_1,1,1,1,0x8000011c,0x1c9bc23,0x0,0x1b,0x0,0x0,0x0
4305,8610,TOP.SimTop.cpu.l_soc.core_with_l2.core.backend.inner_ctrlBlock.rename.io_in_0,1,1,1,0x80000120,0xf96290e3,not-on-interface,not-on-interface,0x0,0x0,not-on-interface
4305,8610,TOP.SimTop.cpu.l_soc.core_with_l2.core.backend.inner_ctrlBlock.rename.io_in_1,1,1,1,0x80000124,0xf7431ee3,not-on-interface,not-on-interface,0x0,0x0,not-on-interface
4305,8610,TOP.SimTop.cpu.l_soc.core_with_l2.core.backend.inner_ctrlBlock.rename.io_in_2,1,1,1,0x80000128,0xf7741ce3,not-on-interface,not-on-interface,0x0,0x0,not-on-interface
4305,8610,TOP.SimTop.cpu.l_soc.core_with_l2.core.backend.inner_ctrlBlock.rename.io_in_3,1,1,1,0x8000012c,0xf6049ae3,not-on-interface,not-on-interface,0x0,0x0,not-on-interface
4305,8610,TOP.SimTop.cpu.l_soc.core_with_l2.core.backend.inner_ctrlBlock.rename.io_in_4,1,1,1,0x80000130,0xf60918e3,not-on-interface,not-on-interface,0x0,0x0,not-on-interface
4305,8610,TOP.SimTop.cpu.l_soc.core_with_l2.core.backend.inner_ctrlBlock.rename.io_in_5,1,1,1,0x80000134,0xbe5e93,not-on-interface,not-on-interface,0x0,0x0,not-on-interface
4305,8610,TOP.SimTop.cpu.l_soc.core_with_l2.core.backend.inner_ctrlBlock.rename.io_out_0,1,1,1,0x80000120,0xf96290e3,0x0,0x1c,0x0,0x0,0x0
4305,8610,TOP.SimTop.cpu.l_soc.core_with_l2.core.backend.inner_ctrlBlock.rename.io_out_1,1,1,1,0x80000124,0xf7431ee3,0x0,0x1d,0x0,0x0,0x0
4305,8610,TOP.SimTop.cpu.l_soc.core_with_l2.core.backend.inner_ctrlBlock.rename.io_out_2,1,1,1,0x80000128,0xf7741ce3,0x0,0x1e,0x0,0x0,0x0
4305,8610,TOP.SimTop.cpu.l_soc.core_with_l2.core.backend.inner_ctrlBlock.rename.io_out_3,1,1,1,0x8000012c,0xf6049ae3,0x0,0x1f,0x0,0x0,0x0
4305,8610,TOP.SimTop.cpu.l_soc.core_with_l2.core.backend.inner_ctrlBlock.rename.io_out_4,1,1,1,0x80000130,0xf60918e3,0x0,0x20,0x0,0x0,0x0
4305,8610,TOP.SimTop.cpu.l_soc.core_with_l2.core.backend.inner_ctrlBlock.rename.io_out_5,1,1,1,0x80000134,0xbe5e93,0x0,0x21,0x0,0x0,0x10
4306,8612,TOP.SimTop.cpu.l_soc.core_with_l2.core.backend.inner_ctrlBlock.decode.io_in_0,1,1,1,0x80000150,0x2098993,not-on-interface,not-on-interface,0x0,0x0,not-on-interface
4306,8612,TOP.SimTop.cpu.l_soc.core_with_l2.core.backend.inner_ctrlBlock.decode.io_in_1,1,1,1,0x80000154,0x341a9073,not-on-interface,not-on-interface,0x0,0x0,not-on-interface
4306,8612,TOP.SimTop.cpu.l_soc.core_with_l2.core.backend.inner_ctrlBlock.decode.io_in_2,1,1,1,0x80000158,0x30200073,not-on-interface,not-on-interface,0x0,0x0,not-on-interface
4306,8612,TOP.SimTop.cpu.l_soc.core_with_l2.core.backend.inner_ctrlBlock.decode.io_in_3,1,1,1,0x8000015c,0x13,not-on-interface,not-on-interface,0x0,0x0,not-on-interface
4306,8612,TOP.SimTop.cpu.l_soc.core_with_l2.core.backend.inner_ctrlBlock.decode.io_in_4,1,1,1,0x80000160,0x13,not-on-interface,not-on-interface,0x0,0x0,not-on-interface
4306,8612,TOP.SimTop.cpu.l_soc.core_with_l2.core.backend.inner_ctrlBlock.decode.io_in_5,1,1,1,0x80000164,0x13,not-on-interface,not-on-interface,0x0,0x0,not-on-interface
4306,8612,TOP.SimTop.cpu.l_soc.core_with_l2.core.backend.inner_ctrlBlock.decode.io_out_0,1,1,1,0x80000150,0x2098993,not-on-interface,not-on-interface,0x0,0x0,not-on-interface
4306,8612,TOP.SimTop.cpu.l_soc.core_with_l2.core.backend.inner_ctrlBlock.decode.io_out_1,1,1,1,0x80000154,0x341a9073,not-on-interface,not-on-interface,0x0,0x0,not-on-interface
4306,8612,TOP.SimTop.cpu.l_soc.core_with_l2.core.backend.inner_ctrlBlock.decode.io_out_2,1,1,1,0x80000158,0x30200073,not-on-interface,not-on-interface,0x0,0x0,not-on-interface
4306,8612,TOP.SimTop.cpu.l_soc.core_with_l2.core.backend.inner_ctrlBlock.decode.io_out_3,1,1,1,0x8000015c,0x13,not-on-interface,not-on-interface,0x0,0x0,not-on-interface
4306,8612,TOP.SimTop.cpu.l_soc.core_with_l2.core.backend.inner_ctrlBlock.decode.io_out_4,1,1,1,0x80000160,0x13,not-on-interface,not-on-interface,0x0,0x0,not-on-interface
4306,8612,TOP.SimTop.cpu.l_soc.core_with_l2.core.backend.inner_ctrlBlock.decode.io_out_5,1,1,1,0x80000164,0x13,not-on-interface,not-on-interface,0x0,0x0,not-on-interface
4306,8612,TOP.SimTop.cpu.l_soc.core_with_l2.core.backend.inner_ctrlBlock.dispatch.io_fromRename_0,1,1,1,0x80000120,0xf96290e3,0x0,0x1c,0x0,0x0,0x0
4306,8612,TOP.SimTop.cpu.l_soc.core_with_l2.core.backend.inner_ctrlBlock.dispatch.io_fromRename_1,1,1,1,0x80000124,0xf7431ee3,0x0,0x1d,0x0,0x0,0x0
4306,8612,TOP.SimTop.cpu.l_soc.core_with_l2.core.backend.inner_ctrlBlock.dispatch.io_fromRename_2,1,1,1,0x80000128,0xf7741ce3,0x0,0x1e,0x0,0x0,0x0
4306,8612,TOP.SimTop.cpu.l_soc.core_with_l2.core.backend.inner_ctrlBlock.dispatch.io_fromRename_3,1,1,1,0x8000012c,0xf6049ae3,0x0,0x1f,0x0,0x0,0x0
4306,8612,TOP.SimTop.cpu.l_soc.core_with_l2.core.backend.inner_ctrlBlock.dispatch.io_fromRename_4,1,1,1,0x80000130,0xf60918e3,0x0,0x20,0x0,0x0,0x0
4306,8612,TOP.SimTop.cpu.l_soc.core_with_l2.core.backend.inner_ctrlBlock.dispatch.io_fromRename_5,1,1,1,0x80000134,0xbe5e93,0x0,0x21,0x0,0x0,0x10
4306,8612,TOP.SimTop.cpu.l_soc.core_with_l2.core.backend.inner_ctrlBlock.rename.io_in_0,1,1,1,0x80000138,0x3efe93,not-on-interface,not-on-interface,0x0,0x0,not-on-interface
4306,8612,TOP.SimTop.cpu.l_soc.core_with_l2.core.backend.inner_ctrlBlock.rename.io_in_1,1,1,1,0x8000013c,0x300f13,not-on-interface,not-on-interface,0x0,0x0,not-on-interface
4306,8612,TOP.SimTop.cpu.l_soc.core_with_l2.core.backend.inner_ctrlBlock.rename.io_in_2,1,1,1,0x80000140,0xf7ee90e3,not-on-interface,not-on-interface,0x0,0x0,not-on-interface
4306,8612,TOP.SimTop.cpu.l_soc.core_with_l2.core.backend.inner_ctrlBlock.rename.io_in_3,1,1,1,0x80000144,0x8e7e93,not-on-interface,not-on-interface,0x0,0x0,not-on-interface
4306,8612,TOP.SimTop.cpu.l_soc.core_with_l2.core.backend.inner_ctrlBlock.rename.io_in_4,1,1,1,0x80000148,0xf40e9ce3,not-on-interface,not-on-interface,0x0,0x0,not-on-interface
4306,8612,TOP.SimTop.cpu.l_soc.core_with_l2.core.backend.inner_ctrlBlock.rename.io_in_5,1,1,1,0x8000014c,0x140413,not-on-interface,not-on-interface,0x0,0x0,not-on-interface
4306,8612,TOP.SimTop.cpu.l_soc.core_with_l2.core.backend.inner_ctrlBlock.rename.io_out_0,1,1,1,0x80000138,0x3efe93,0x0,0x22,0x0,0x0,0x11
4306,8612,TOP.SimTop.cpu.l_soc.core_with_l2.core.backend.inner_ctrlBlock.rename.io_out_1,1,1,1,0x8000013c,0x300f13,0x0,0x23,0x0,0x0,0x12
4306,8612,TOP.SimTop.cpu.l_soc.core_with_l2.core.backend.inner_ctrlBlock.rename.io_out_2,1,1,1,0x80000140,0xf7ee90e3,0x0,0x24,0x0,0x0,0x0
4306,8612,TOP.SimTop.cpu.l_soc.core_with_l2.core.backend.inner_ctrlBlock.rename.io_out_3,1,1,1,0x80000144,0x8e7e93,0x0,0x25,0x0,0x0,0x13
4306,8612,TOP.SimTop.cpu.l_soc.core_with_l2.core.backend.inner_ctrlBlock.rename.io_out_4,1,1,1,0x80000148,0xf40e9ce3,0x0,0x26,0x0,0x0,0x0
4306,8612,TOP.SimTop.cpu.l_soc.core_with_l2.core.backend.inner_ctrlBlock.rename.io_out_5,1,1,1,0x8000014c,0x140413,0x0,0x27,0x0,0x0,0x14
4307,8614,TOP.SimTop.cpu.l_soc.core_with_l2.core.backend.inner_ctrlBlock.decode.io_in_0,1,1,1,0x80000168,0x13,not-on-interface,not-on-interface,0x0,0x0,not-on-interface
4307,8614,TOP.SimTop.cpu.l_soc.core_with_l2.core.backend.inner_ctrlBlock.decode.io_in_1,1,1,1,0x8000016c,0x13,not-on-interface,not-on-interface,0x0,0x0,not-on-interface
4307,8614,TOP.SimTop.cpu.l_soc.core_with_l2.core.backend.inner_ctrlBlock.decode.io_in_2,1,1,1,0x80000170,0x13,not-on-interface,not-on-interface,0x0,0x0,not-on-interface
4307,8614,TOP.SimTop.cpu.l_soc.core_with_l2.core.backend.inner_ctrlBlock.decode.io_in_3,1,1,1,0x80000174,0x13,not-on-interface,not-on-interface,0x0,0x0,not-on-interface
4307,8614,TOP.SimTop.cpu.l_soc.core_with_l2.core.backend.inner_ctrlBlock.decode.io_in_4,1,1,1,0x80000178,0x13,not-on-interface,not-on-interface,0x0,0x0,not-on-interface
4307,8614,TOP.SimTop.cpu.l_soc.core_with_l2.core.backend.inner_ctrlBlock.decode.io_in_5,1,1,1,0x8000017c,0x13,not-on-interface,not-on-interface,0x0,0x0,not-on-interface
4307,8614,TOP.SimTop.cpu.l_soc.core_with_l2.core.backend.inner_ctrlBlock.decode.io_out_0,1,1,1,0x80000168,0x13,not-on-interface,not-on-interface,0x0,0x0,not-on-interface
4307,8614,TOP.SimTop.cpu.l_soc.core_with_l2.core.backend.inner_ctrlBlock.decode.io_out_1,1,1,1,0x8000016c,0x13,not-on-interface,not-on-interface,0x0,0x0,not-on-interface
4307,8614,TOP.SimTop.cpu.l_soc.core_with_l2.core.backend.inner_ctrlBlock.decode.io_out_2,1,1,1,0x80000170,0x13,not-on-interface,not-on-interface,0x0,0x0,not-on-interface
4307,8614,TOP.SimTop.cpu.l_soc.core_with_l2.core.backend.inner_ctrlBlock.decode.io_out_3,1,1,1,0x80000174,0x13,not-on-interface,not-on-interface,0x0,0x0,not-on-interface
4307,8614,TOP.SimTop.cpu.l_soc.core_with_l2.core.backend.inner_ctrlBlock.decode.io_out_4,1,1,1,0x80000178,0x13,not-on-interface,not-on-interface,0x0,0x0,not-on-interface
4307,8614,TOP.SimTop.cpu.l_soc.core_with_l2.core.backend.inner_ctrlBlock.decode.io_out_5,1,1,1,0x8000017c,0x13,not-on-interface,not-on-interface,0x0,0x0,not-on-interface
4307,8614,TOP.SimTop.cpu.l_soc.core_with_l2.core.backend.inner_ctrlBlock.dispatch.io_fromRename_0,1,1,1,0x80000138,0x3efe93,0x0,0x22,0x0,0x0,0x11
4307,8614,TOP.SimTop.cpu.l_soc.core_with_l2.core.backend.inner_ctrlBlock.dispatch.io_fromRename_1,1,1,1,0x8000013c,0x300f13,0x0,0x23,0x0,0x0,0x12
4307,8614,TOP.SimTop.cpu.l_soc.core_with_l2.core.backend.inner_ctrlBlock.dispatch.io_fromRename_2,1,1,1,0x80000140,0xf7ee90e3,0x0,0x24,0x0,0x0,0x0
4307,8614,TOP.SimTop.cpu.l_soc.core_with_l2.core.backend.inner_ctrlBlock.dispatch.io_fromRename_3,1,1,1,0x80000144,0x8e7e93,0x0,0x25,0x0,0x0,0x13
4307,8614,TOP.SimTop.cpu.l_soc.core_with_l2.core.backend.inner_ctrlBlock.dispatch.io_fromRename_4,1,1,1,0x80000148,0xf40e9ce3,0x0,0x26,0x0,0x0,0x0
4307,8614,TOP.SimTop.cpu.l_soc.core_with_l2.core.backend.inner_ctrlBlock.dispatch.io_fromRename_5,1,1,1,0x8000014c,0x140413,0x0,0x27,0x0,0x0,0x14
4307,8614,TOP.SimTop.cpu.l_soc.core_with_l2.core.backend.inner_ctrlBlock.rename.io_in_0,1,1,1,0x80000150,0x2098993,not-on-interface,not-on-interface,0x0,0x0,not-on-interface
4307,8614,TOP.SimTop.cpu.l_soc.core_with_l2.core.backend.inner_ctrlBlock.rename.io_in_1,1,1,1,0x80000154,0x341a9073,not-on-interface,not-on-interface,0x0,0x0,not-on-interface
4307,8614,TOP.SimTop.cpu.l_soc.core_with_l2.core.backend.inner_ctrlBlock.rename.io_in_2,1,1,1,0x80000158,0x30200073,not-on-interface,not-on-interface,0x0,0x0,not-on-interface
4307,8614,TOP.SimTop.cpu.l_soc.core_with_l2.core.backend.inner_ctrlBlock.rename.io_in_3,1,1,1,0x8000015c,0x13,not-on-interface,not-on-interface,0x0,0x0,not-on-interface
4307,8614,TOP.SimTop.cpu.l_soc.core_with_l2.core.backend.inner_ctrlBlock.rename.io_in_4,1,1,1,0x80000160,0x13,not-on-interface,not-on-interface,0x0,0x0,not-on-interface
4307,8614,TOP.SimTop.cpu.l_soc.core_with_l2.core.backend.inner_ctrlBlock.rename.io_in_5,1,1,1,0x80000164,0x13,not-on-interface,not-on-interface,0x0,0x0,not-on-interface
4307,8614,TOP.SimTop.cpu.l_soc.core_with_l2.core.backend.inner_ctrlBlock.rename.io_out_0,1,1,1,0x80000150,0x2098993,0x0,0x28,0x0,0x0,0x15
4307,8614,TOP.SimTop.cpu.l_soc.core_with_l2.core.backend.inner_ctrlBlock.rename.io_out_1,1,1,1,0x80000154,0x341a9073,0x0,0x29,0x0,0x0,0x0
4307,8614,TOP.SimTop.cpu.l_soc.core_with_l2.core.backend.inner_ctrlBlock.rename.io_out_2,1,1,1,0x80000158,0x30200073,0x0,0x2a,0x0,0x0,0x0
4307,8614,TOP.SimTop.cpu.l_soc.core_with_l2.core.backend.inner_ctrlBlock.rename.io_out_3,1,1,1,0x8000015c,0x13,0x0,0x2b,0x0,0x0,0x0
4307,8614,TOP.SimTop.cpu.l_soc.core_with_l2.core.backend.inner_ctrlBlock.rename.io_out_4,1,1,1,0x80000160,0x13,0x0,0x2c,0x0,0x0,0x0
4307,8614,TOP.SimTop.cpu.l_soc.core_with_l2.core.backend.inner_ctrlBlock.rename.io_out_5,1,1,1,0x80000164,0x13,0x0,0x2c,0x0,0x0,0x0
4308,8616,TOP.SimTop.cpu.l_soc.core_with_l2.core.backend.inner_ctrlBlock.dispatch.io_fromRename_0,1,1,1,0x80000150,0x2098993,0x0,0x28,0x0,0x0,0x15
4320,8640,TOP.SimTop.cpu.l_soc.core_with_l2.core.backend.inner_ctrlBlock.dispatch.io_fromRename_1,1,1,1,0x80000154,0x341a9073,0x0,0x29,0x0,0x0,0x0
4329,8658,TOP.SimTop.cpu.l_soc.core_with_l2.core.backend.inner_ctrlBlock.dispatch.io_fromRename_2,1,1,1,0x80000158,0x30200073,0x0,0x2a,0x0,0x0,0x0
4344,8688,TOP.SimTop.cpu.l_soc.core_with_l2.core.backend.inner_ctrlBlock.decode.io_in_0,1,1,1,0x80000050,0x4049863,not-on-interface,not-on-interface,0x0,0x0,not-on-interface
4344,8688,TOP.SimTop.cpu.l_soc.core_with_l2.core.backend.inner_ctrlBlock.decode.io_in_1,1,1,1,0x80000054,0x4091663,not-on-interface,not-on-interface,0x0,0x0,not-on-interface
4344,8688,TOP.SimTop.cpu.l_soc.core_with_l2.core.backend.inner_ctrlBlock.decode.io_in_2,1,1,1,0x80000058,0x100293,not-on-interface,not-on-interface,0x0,0x0,not-on-interface
4344,8688,TOP.SimTop.cpu.l_soc.core_with_l2.core.backend.inner_ctrlBlock.decode.io_in_3,1,1,1,0x8000005c,0x4541263,not-on-interface,not-on-interface,0x0,0x0,not-on-interface
4344,8688,TOP.SimTop.cpu.l_soc.core_with_l2.core.backend.inner_ctrlBlock.decode.io_in_4,1,1,1,0x80000060,0xa17,not-on-interface,not-on-interface,0x0,0x0,not-on-interface
4344,8688,TOP.SimTop.cpu.l_soc.core_with_l2.core.backend.inner_ctrlBlock.decode.io_in_5,1,1,1,0x80000064,0x18a0a13,not-on-interface,not-on-interface,0x0,0x0,not-on-interface
4344,8688,TOP.SimTop.cpu.l_soc.core_with_l2.core.backend.inner_ctrlBlock.decode.io_out_0,1,1,1,0x80000050,0x4049863,not-on-interface,not-on-interface,0x0,0x0,not-on-interface
4344,8688,TOP.SimTop.cpu.l_soc.core_with_l2.core.backend.inner_ctrlBlock.decode.io_out_1,1,1,1,0x80000054,0x4091663,not-on-interface,not-on-interface,0x0,0x0,not-on-interface
4344,8688,TOP.SimTop.cpu.l_soc.core_with_l2.core.backend.inner_ctrlBlock.decode.io_out_2,1,1,1,0x80000058,0x100293,not-on-interface,not-on-interface,0x0,0x0,not-on-interface
4344,8688,TOP.SimTop.cpu.l_soc.core_with_l2.core.backend.inner_ctrlBlock.decode.io_out_3,1,1,1,0x8000005c,0x4541263,not-on-interface,not-on-interface,0x0,0x0,not-on-interface
4344,8688,TOP.SimTop.cpu.l_soc.core_with_l2.core.backend.inner_ctrlBlock.decode.io_out_4,1,1,1,0x80000060,0xa17,not-on-interface,not-on-interface,0x0,0x0,not-on-interface
4344,8688,TOP.SimTop.cpu.l_soc.core_with_l2.core.backend.inner_ctrlBlock.decode.io_out_5,1,1,1,0x80000064,0x18a0a13,not-on-interface,not-on-interface,0x0,0x0,not-on-interface
4345,8690,TOP.SimTop.cpu.l_soc.core_with_l2.core.backend.inner_ctrlBlock.decode.io_in_0,1,1,1,0x80000068,0xa97,not-on-interface,not-on-interface,0x0,0x0,not-on-interface
4345,8690,TOP.SimTop.cpu.l_soc.core_with_l2.core.backend.inner_ctrlBlock.decode.io_in_1,1,1,1,0x8000006c,0x1ca8a93,not-on-interface,not-on-interface,0x0,0x0,not-on-interface
4345,8690,TOP.SimTop.cpu.l_soc.core_with_l2.core.backend.inner_ctrlBlock.decode.io_out_0,1,1,1,0x80000068,0xa97,not-on-interface,not-on-interface,0x0,0x0,not-on-interface
4345,8690,TOP.SimTop.cpu.l_soc.core_with_l2.core.backend.inner_ctrlBlock.decode.io_out_1,1,1,1,0x8000006c,0x1ca8a93,not-on-interface,not-on-interface,0x0,0x0,not-on-interface
4345,8690,TOP.SimTop.cpu.l_soc.core_with_l2.core.backend.inner_ctrlBlock.rename.io_in_0,1,1,1,0x80000050,0x4049863,not-on-interface,not-on-interface,0x0,0x0,not-on-interface
4345,8690,TOP.SimTop.cpu.l_soc.core_with_l2.core.backend.inner_ctrlBlock.rename.io_in_1,1,1,1,0x80000054,0x4091663,not-on-interface,not-on-interface,0x0,0x0,not-on-interface
4345,8690,TOP.SimTop.cpu.l_soc.core_with_l2.core.backend.inner_ctrlBlock.rename.io_in_2,1,1,1,0x80000058,0x100293,not-on-interface,not-on-interface,0x0,0x0,not-on-interface
4345,8690,TOP.SimTop.cpu.l_soc.core_with_l2.core.backend.inner_ctrlBlock.rename.io_in_3,1,1,1,0x8000005c,0x4541263,not-on-interface,not-on-interface,0x0,0x0,not-on-interface
4345,8690,TOP.SimTop.cpu.l_soc.core_with_l2.core.backend.inner_ctrlBlock.rename.io_in_4,1,1,1,0x80000060,0xa17,not-on-interface,not-on-interface,0x0,0x0,not-on-interface
4345,8690,TOP.SimTop.cpu.l_soc.core_with_l2.core.backend.inner_ctrlBlock.rename.io_in_5,1,1,1,0x80000064,0x18a0a13,not-on-interface,not-on-interface,0x0,0x0,not-on-interface
4345,8690,TOP.SimTop.cpu.l_soc.core_with_l2.core.backend.inner_ctrlBlock.rename.io_out_0,1,1,1,0x80000050,0x4049863,0x0,0x2b,0x0,0x0,0x0
4345,8690,TOP.SimTop.cpu.l_soc.core_with_l2.core.backend.inner_ctrlBlock.rename.io_out_1,1,1,1,0x80000054,0x4091663,0x0,0x2c,0x0,0x0,0x0
4345,8690,TOP.SimTop.cpu.l_soc.core_with_l2.core.backend.inner_ctrlBlock.rename.io_out_2,1,1,1,0x80000058,0x100293,0x0,0x2d,0x0,0x0,0x16
4345,8690,TOP.SimTop.cpu.l_soc.core_with_l2.core.backend.inner_ctrlBlock.rename.io_out_3,1,1,1,0x8000005c,0x4541263,0x0,0x2e,0x0,0x0,0x0
4345,8690,TOP.SimTop.cpu.l_soc.core_with_l2.core.backend.inner_ctrlBlock.rename.io_out_4,1,1,1,0x80000060,0xa17,0x0,0x2f,0x0,0x0,0x17
4345,8690,TOP.SimTop.cpu.l_soc.core_with_l2.core.backend.inner_ctrlBlock.rename.io_out_5,1,1,1,0x80000064,0x18a0a13,0x0,0x30,0x0,0x0,0x18
4346,8692,TOP.SimTop.cpu.l_soc.core_with_l2.core.backend.inner_ctrlBlock.dispatch.io_fromRename_0,1,1,1,0x80000050,0x4049863,0x0,0x2b,0x0,0x0,0x0
4346,8692,TOP.SimTop.cpu.l_soc.core_with_l2.core.backend.inner_ctrlBlock.dispatch.io_fromRename_1,1,1,1,0x80000054,0x4091663,0x0,0x2c,0x0,0x0,0x0
4346,8692,TOP.SimTop.cpu.l_soc.core_with_l2.core.backend.inner_ctrlBlock.dispatch.io_fromRename_2,1,1,1,0x80000058,0x100293,0x0,0x2d,0x0,0x0,0x16
4346,8692,TOP.SimTop.cpu.l_soc.core_with_l2.core.backend.inner_ctrlBlock.dispatch.io_fromRename_3,1,1,1,0x8000005c,0x4541263,0x0,0x2e,0x0,0x0,0x0
4346,8692,TOP.SimTop.cpu.l_soc.core_with_l2.core.backend.inner_ctrlBlock.dispatch.io_fromRename_4,1,1,1,0x80000060,0xa17,0x0,0x2f,0x0,0x0,0x17
4347,8694,TOP.SimTop.cpu.l_soc.core_with_l2.core.backend.inner_ctrlBlock.decode.io_in_0,1,1,1,0x80000070,0x200b13,not-on-interface,not-on-interface,0x0,0x0,not-on-interface
4347,8694,TOP.SimTop.cpu.l_soc.core_with_l2.core.backend.inner_ctrlBlock.decode.io_in_1,1,1,1,0x80000074,0x100b93,not-on-interface,not-on-interface,0x0,0x0,not-on-interface
4347,8694,TOP.SimTop.cpu.l_soc.core_with_l2.core.backend.inner_ctrlBlock.decode.io_in_2,1,1,1,0x80000078,0xffffffff,not-on-interface,not-on-interface,0x0,0x0,not-on-interface
4347,8694,TOP.SimTop.cpu.l_soc.core_with_l2.core.backend.inner_ctrlBlock.decode.io_in_3,1,1,1,0x8000007c,0x148493,not-on-interface,not-on-interface,0x0,0x0,not-on-interface
4347,8694,TOP.SimTop.cpu.l_soc.core_with_l2.core.backend.inner_ctrlBlock.decode.io_in_4,1,1,1,0x80000080,0x190913,not-on-interface,not-on-interface,0x0,0x0,not-on-interface
4347,8694,TOP.SimTop.cpu.l_soc.core_with_l2.core.backend.inner_ctrlBlock.decode.io_in_5,1,1,1,0x80000084,0x49e63,not-on-interface,not-on-interface,0x0,0x0,not-on-interface
4347,8694,TOP.SimTop.cpu.l_soc.core_with_l2.core.backend.inner_ctrlBlock.decode.io_out_0,1,1,1,0x80000070,0x200b13,not-on-interface,not-on-interface,0x0,0x0,not-on-interface
4347,8694,TOP.SimTop.cpu.l_soc.core_with_l2.core.backend.inner_ctrlBlock.decode.io_out_1,1,1,1,0x80000074,0x100b93,not-on-interface,not-on-interface,0x0,0x0,not-on-interface
4347,8694,TOP.SimTop.cpu.l_soc.core_with_l2.core.backend.inner_ctrlBlock.decode.io_out_2,1,1,1,0x80000078,0xffffffff,not-on-interface,not-on-interface,0x1,0x0,not-on-interface
4347,8694,TOP.SimTop.cpu.l_soc.core_with_l2.core.backend.inner_ctrlBlock.decode.io_out_3,1,1,1,0x8000007c,0x148493,not-on-interface,not-on-interface,0x0,0x0,not-on-interface
4347,8694,TOP.SimTop.cpu.l_soc.core_with_l2.core.backend.inner_ctrlBlock.decode.io_out_4,1,1,1,0x80000080,0x190913,not-on-interface,not-on-interface,0x0,0x0,not-on-interface
4347,8694,TOP.SimTop.cpu.l_soc.core_with_l2.core.backend.inner_ctrlBlock.decode.io_out_5,1,1,1,0x80000084,0x49e63,not-on-interface,not-on-interface,0x0,0x0,not-on-interface
4347,8694,TOP.SimTop.cpu.l_soc.core_with_l2.core.backend.inner_ctrlBlock.dispatch.io_fromRename_5,1,1,1,0x80000064,0x18a0a13,0x0,0x30,0x0,0x0,0x18
4347,8694,TOP.SimTop.cpu.l_soc.core_with_l2.core.backend.inner_ctrlBlock.rename.io_in_0,1,1,1,0x80000068,0xa97,not-on-interface,not-on-interface,0x0,0x0,not-on-interface
4347,8694,TOP.SimTop.cpu.l_soc.core_with_l2.core.backend.inner_ctrlBlock.rename.io_in_1,1,1,1,0x8000006c,0x1ca8a93,not-on-interface,not-on-interface,0x0,0x0,not-on-interface
4347,8694,TOP.SimTop.cpu.l_soc.core_with_l2.core.backend.inner_ctrlBlock.rename.io_out_0,1,1,1,0x80000068,0xa97,0x0,0x31,0x0,0x0,0x19
4347,8694,TOP.SimTop.cpu.l_soc.core_with_l2.core.backend.inner_ctrlBlock.rename.io_out_1,1,1,1,0x8000006c,0x1ca8a93,0x0,0x32,0x0,0x0,0x1a
4348,8696,TOP.SimTop.cpu.l_soc.core_with_l2.core.backend.inner_ctrlBlock.decode.io_in_0,1,1,1,0x80000088,0x91c63,not-on-interface,not-on-interface,0x0,0x0,not-on-interface
4348,8696,TOP.SimTop.cpu.l_soc.core_with_l2.core.backend.inner_ctrlBlock.decode.io_in_1,1,1,1,0x8000008c,0x200293,not-on-interface,not-on-interface,0x0,0x0,not-on-interface
4348,8696,TOP.SimTop.cpu.l_soc.core_with_l2.core.backend.inner_ctrlBlock.decode.io_in_2,1,1,1,0x80000090,0x541863,not-on-interface,not-on-interface,0x0,0x0,not-on-interface
4348,8696,TOP.SimTop.cpu.l_soc.core_with_l2.core.backend.inner_ctrlBlock.decode.io_in_3,1,1,1,0x80000094,0x513,not-on-interface,not-on-interface,0x0,0x0,not-on-interface
4348,8696,TOP.SimTop.cpu.l_soc.core_with_l2.core.backend.inner_ctrlBlock.decode.io_in_4,1,1,1,0x80000098,0x6b,not-on-interface,not-on-interface,0x0,0x0,not-on-interface
4348,8696,TOP.SimTop.cpu.l_soc.core_with_l2.core.backend.inner_ctrlBlock.decode.io_in_5,1,1,1,0x8000009c,0xff9ff06f,not-on-interface,not-on-interface,0x0,0x0,not-on-interface
4348,8696,TOP.SimTop.cpu.l_soc.core_with_l2.core.backend.inner_ctrlBlock.decode.io_out_0,1,1,1,0x80000088,0x91c63,not-on-interface,not-on-interface,0x0,0x0,not-on-interface
4348,8696,TOP.SimTop.cpu.l_soc.core_with_l2.core.backend.inner_ctrlBlock.decode.io_out_1,1,1,1,0x8000008c,0x200293,not-on-interface,not-on-interface,0x0,0x0,not-on-interface
4348,8696,TOP.SimTop.cpu.l_soc.core_with_l2.core.backend.inner_ctrlBlock.decode.io_out_2,1,1,1,0x80000090,0x541863,not-on-interface,not-on-interface,0x0,0x0,not-on-interface
4348,8696,TOP.SimTop.cpu.l_soc.core_with_l2.core.backend.inner_ctrlBlock.decode.io_out_3,1,1,1,0x80000094,0x513,not-on-interface,not-on-interface,0x0,0x0,not-on-interface
4348,8696,TOP.SimTop.cpu.l_soc.core_with_l2.core.backend.inner_ctrlBlock.decode.io_out_4,1,1,1,0x80000098,0x6b,not-on-interface,not-on-interface,0x0,0x0,not-on-interface
4348,8696,TOP.SimTop.cpu.l_soc.core_with_l2.core.backend.inner_ctrlBlock.decode.io_out_5,1,1,1,0x8000009c,0xff9ff06f,not-on-interface,not-on-interface,0x0,0x0,not-on-interface
4348,8696,TOP.SimTop.cpu.l_soc.core_with_l2.core.backend.inner_ctrlBlock.dispatch.io_fromRename_0,1,1,1,0x80000068,0xa97,0x0,0x31,0x0,0x0,0x19
4348,8696,TOP.SimTop.cpu.l_soc.core_with_l2.core.backend.inner_ctrlBlock.dispatch.io_fromRename_1,1,1,1,0x8000006c,0x1ca8a93,0x0,0x32,0x0,0x0,0x1a
4348,8696,TOP.SimTop.cpu.l_soc.core_with_l2.core.backend.inner_ctrlBlock.rename.io_in_0,1,1,1,0x80000070,0x200b13,not-on-interface,not-on-interface,0x0,0x0,not-on-interface
4348,8696,TOP.SimTop.cpu.l_soc.core_with_l2.core.backend.inner_ctrlBlock.rename.io_in_1,1,1,1,0x80000074,0x100b93,not-on-interface,not-on-interface,0x0,0x0,not-on-interface
4348,8696,TOP.SimTop.cpu.l_soc.core_with_l2.core.backend.inner_ctrlBlock.rename.io_in_2,1,1,1,0x80000078,0xffffffff,not-on-interface,not-on-interface,0x1,0x0,not-on-interface
4348,8696,TOP.SimTop.cpu.l_soc.core_with_l2.core.backend.inner_ctrlBlock.rename.io_in_3,1,1,1,0x8000007c,0x148493,not-on-interface,not-on-interface,0x0,0x0,not-on-interface
4348,8696,TOP.SimTop.cpu.l_soc.core_with_l2.core.backend.inner_ctrlBlock.rename.io_in_4,1,1,1,0x80000080,0x190913,not-on-interface,not-on-interface,0x0,0x0,not-on-interface
4348,8696,TOP.SimTop.cpu.l_soc.core_with_l2.core.backend.inner_ctrlBlock.rename.io_in_5,1,1,1,0x80000084,0x49e63,not-on-interface,not-on-interface,0x0,0x0,not-on-interface
4348,8696,TOP.SimTop.cpu.l_soc.core_with_l2.core.backend.inner_ctrlBlock.rename.io_out_0,1,1,1,0x80000070,0x200b13,0x0,0x33,0x0,0x0,0x1b
4348,8696,TOP.SimTop.cpu.l_soc.core_with_l2.core.backend.inner_ctrlBlock.rename.io_out_1,1,1,1,0x80000074,0x100b93,0x0,0x33,0x0,0x0,0x1c
4348,8696,TOP.SimTop.cpu.l_soc.core_with_l2.core.backend.inner_ctrlBlock.rename.io_out_2,1,1,1,0x80000078,0xffffffff,0x0,0x34,0x1,0x0,0x0
4348,8696,TOP.SimTop.cpu.l_soc.core_with_l2.core.backend.inner_ctrlBlock.rename.io_out_3,1,1,1,0x8000007c,0x148493,0x0,0x35,0x0,0x0,0x1d
4348,8696,TOP.SimTop.cpu.l_soc.core_with_l2.core.backend.inner_ctrlBlock.rename.io_out_4,1,1,1,0x80000080,0x190913,0x0,0x35,0x0,0x0,0x1e
4348,8696,TOP.SimTop.cpu.l_soc.core_with_l2.core.backend.inner_ctrlBlock.rename.io_out_5,1,1,1,0x80000084,0x49e63,0x0,0x36,0x0,0x0,0x0
4349,8698,TOP.SimTop.cpu.l_soc.core_with_l2.core.backend.inner_ctrlBlock.dispatch.io_fromRename_0,1,1,1,0x80000070,0x200b13,0x0,0x33,0x0,0x0,0x1b
4349,8698,TOP.SimTop.cpu.l_soc.core_with_l2.core.backend.inner_ctrlBlock.dispatch.io_fromRename_1,1,1,1,0x80000074,0x100b93,0x0,0x33,0x0,0x0,0x1c
4349,8698,TOP.SimTop.cpu.l_soc.core_with_l2.core.backend.inner_ctrlBlock.dispatch.io_fromRename_2,1,1,1,0x80000078,0xffffffff,0x0,0x34,0x1,0x0,0x0
4349,8698,TOP.SimTop.cpu.l_soc.core_with_l2.core.backend.inner_ctrlBlock.dispatch.io_fromRename_3,1,1,1,0x8000007c,0x148493,0x0,0x35,0x0,0x0,0x1d
4349,8698,TOP.SimTop.cpu.l_soc.core_with_l2.core.backend.inner_ctrlBlock.dispatch.io_fromRename_4,1,1,1,0x80000080,0x190913,0x0,0x35,0x0,0x0,0x1e
4349,8698,TOP.SimTop.cpu.l_soc.core_with_l2.core.backend.inner_ctrlBlock.dispatch.io_fromRename_5,1,1,1,0x80000084,0x49e63,0x0,0x36,0x0,0x0,0x0
4349,8698,TOP.SimTop.cpu.l_soc.core_with_l2.core.backend.inner_ctrlBlock.rename.io_in_0,1,1,1,0x80000088,0x91c63,not-on-interface,not-on-interface,0x0,0x0,not-on-interface
4349,8698,TOP.SimTop.cpu.l_soc.core_with_l2.core.backend.inner_ctrlBlock.rename.io_in_1,1,1,1,0x8000008c,0x200293,not-on-interface,not-on-interface,0x0,0x0,not-on-interface
4349,8698,TOP.SimTop.cpu.l_soc.core_with_l2.core.backend.inner_ctrlBlock.rename.io_in_2,1,1,1,0x80000090,0x541863,not-on-interface,not-on-interface,0x0,0x0,not-on-interface
4349,8698,TOP.SimTop.cpu.l_soc.core_with_l2.core.backend.inner_ctrlBlock.rename.io_in_3,1,1,1,0x80000094,0x513,not-on-interface,not-on-interface,0x0,0x0,not-on-interface
4349,8698,TOP.SimTop.cpu.l_soc.core_with_l2.core.backend.inner_ctrlBlock.rename.io_in_4,1,1,1,0x80000098,0x6b,not-on-interface,not-on-interface,0x0,0x0,not-on-interface
4349,8698,TOP.SimTop.cpu.l_soc.core_with_l2.core.backend.inner_ctrlBlock.rename.io_in_5,1,1,1,0x8000009c,0xff9ff06f,not-on-interface,not-on-interface,0x0,0x0,not-on-interface
4349,8698,TOP.SimTop.cpu.l_soc.core_with_l2.core.backend.inner_ctrlBlock.rename.io_out_0,1,1,1,0x80000088,0x91c63,0x0,0x37,0x0,0x0,0x0
4349,8698,TOP.SimTop.cpu.l_soc.core_with_l2.core.backend.inner_ctrlBlock.rename.io_out_1,1,1,1,0x8000008c,0x200293,0x0,0x38,0x0,0x0,0x1f
4349,8698,TOP.SimTop.cpu.l_soc.core_with_l2.core.backend.inner_ctrlBlock.rename.io_out_2,1,1,1,0x80000090,0x541863,0x0,0x39,0x0,0x0,0x0
4349,8698,TOP.SimTop.cpu.l_soc.core_with_l2.core.backend.inner_ctrlBlock.rename.io_out_3,1,1,1,0x80000094,0x513,0x0,0x3a,0x0,0x0,0x0
4349,8698,TOP.SimTop.cpu.l_soc.core_with_l2.core.backend.inner_ctrlBlock.rename.io_out_4,1,1,1,0x80000098,0x6b,0x0,0x3b,0x0,0x0,0x0
4349,8698,TOP.SimTop.cpu.l_soc.core_with_l2.core.backend.inner_ctrlBlock.rename.io_out_5,1,1,1,0x8000009c,0xff9ff06f,0x0,0x3c,0x0,0x0,0x0
4350,8700,TOP.SimTop.cpu.l_soc.core_with_l2.core.backend.inner_ctrlBlock.dispatch.io_fromRename_0,1,1,1,0x80000088,0x91c63,0x0,0x37,0x0,0x0,0x0
4350,8700,TOP.SimTop.cpu.l_soc.core_with_l2.core.backend.inner_ctrlBlock.dispatch.io_fromRename_1,1,1,1,0x8000008c,0x200293,0x0,0x38,0x0,0x0,0x1f
4350,8700,TOP.SimTop.cpu.l_soc.core_with_l2.core.backend.inner_ctrlBlock.dispatch.io_fromRename_2,1,1,1,0x80000090,0x541863,0x0,0x39,0x0,0x0,0x0
4350,8700,TOP.SimTop.cpu.l_soc.core_with_l2.core.backend.inner_ctrlBlock.dispatch.io_fromRename_3,1,1,1,0x80000094,0x513,0x0,0x3a,0x0,0x0,0x0
4355,8710,TOP.SimTop.cpu.l_soc.core_with_l2.core.backend.inner_ctrlBlock.decode.io_in_0,1,1,1,0x80000094,0x513,not-on-interface,not-on-interface,0x0,0x0,not-on-interface
4355,8710,TOP.SimTop.cpu.l_soc.core_with_l2.core.backend.inner_ctrlBlock.decode.io_in_1,1,1,1,0x80000098,0x6b,not-on-interface,not-on-interface,0x0,0x0,not-on-interface
4355,8710,TOP.SimTop.cpu.l_soc.core_with_l2.core.backend.inner_ctrlBlock.decode.io_in_2,1,1,1,0x8000009c,0xff9ff06f,not-on-interface,not-on-interface,0x0,0x0,not-on-interface
4355,8710,TOP.SimTop.cpu.l_soc.core_with_l2.core.backend.inner_ctrlBlock.decode.io_out_0,1,1,1,0x80000094,0x513,not-on-interface,not-on-interface,0x0,0x0,not-on-interface
4355,8710,TOP.SimTop.cpu.l_soc.core_with_l2.core.backend.inner_ctrlBlock.decode.io_out_1,1,1,1,0x80000098,0x6b,not-on-interface,not-on-interface,0x0,0x0,not-on-interface
4355,8710,TOP.SimTop.cpu.l_soc.core_with_l2.core.backend.inner_ctrlBlock.decode.io_out_2,1,1,1,0x8000009c,0xff9ff06f,not-on-interface,not-on-interface,0x0,0x0,not-on-interface
4364,8728,TOP.SimTop.cpu.l_soc.core_with_l2.core.backend.inner_ctrlBlock.decode.io_in_0,1,1,1,0x800000a0,0x100513,not-on-interface,not-on-interface,0x0,0x0,not-on-interface
4364,8728,TOP.SimTop.cpu.l_soc.core_with_l2.core.backend.inner_ctrlBlock.decode.io_in_1,1,1,1,0x800000a4,0x6b,not-on-interface,not-on-interface,0x0,0x0,not-on-interface
4364,8728,TOP.SimTop.cpu.l_soc.core_with_l2.core.backend.inner_ctrlBlock.decode.io_in_2,1,1,1,0x800000a8,0xff9ff06f,not-on-interface,not-on-interface,0x0,0x0,not-on-interface
4364,8728,TOP.SimTop.cpu.l_soc.core_with_l2.core.backend.inner_ctrlBlock.decode.io_out_0,1,1,1,0x800000a0,0x100513,not-on-interface,not-on-interface,0x0,0x0,not-on-interface
4364,8728,TOP.SimTop.cpu.l_soc.core_with_l2.core.backend.inner_ctrlBlock.decode.io_out_1,1,1,1,0x800000a4,0x6b,not-on-interface,not-on-interface,0x0,0x0,not-on-interface
4364,8728,TOP.SimTop.cpu.l_soc.core_with_l2.core.backend.inner_ctrlBlock.decode.io_out_2,1,1,1,0x800000a8,0xff9ff06f,not-on-interface,not-on-interface,0x0,0x0,not-on-interface
4365,8730,TOP.SimTop.cpu.l_soc.core_with_l2.core.backend.inner_ctrlBlock.rename.io_in_0,1,1,1,0x800000a0,0x100513,not-on-interface,not-on-interface,0x0,0x0,not-on-interface
4365,8730,TOP.SimTop.cpu.l_soc.core_with_l2.core.backend.inner_ctrlBlock.rename.io_in_1,1,1,1,0x800000a4,0x6b,not-on-interface,not-on-interface,0x0,0x0,not-on-interface
4365,8730,TOP.SimTop.cpu.l_soc.core_with_l2.core.backend.inner_ctrlBlock.rename.io_in_2,1,1,1,0x800000a8,0xff9ff06f,not-on-interface,not-on-interface,0x0,0x0,not-on-interface
4365,8730,TOP.SimTop.cpu.l_soc.core_with_l2.core.backend.inner_ctrlBlock.rename.io_out_0,1,1,1,0x800000a0,0x100513,0x0,0x37,0x0,0x0,0x1f
4365,8730,TOP.SimTop.cpu.l_soc.core_with_l2.core.backend.inner_ctrlBlock.rename.io_out_1,1,1,1,0x800000a4,0x6b,0x0,0x38,0x0,0x0,0x0
4365,8730,TOP.SimTop.cpu.l_soc.core_with_l2.core.backend.inner_ctrlBlock.rename.io_out_2,1,1,1,0x800000a8,0xff9ff06f,0x0,0x39,0x0,0x0,0x0
4366,8732,TOP.SimTop.cpu.l_soc.core_with_l2.core.backend.inner_ctrlBlock.dispatch.io_fromRename_0,1,1,1,0x800000a0,0x100513,0x0,0x37,0x0,0x0,0x1f
4380,8760,TOP.SimTop.cpu.l_soc.core_with_l2.core.backend.inner_ctrlBlock.decode.io_in_0,1,1,1,0x80000100,0x342022f3,not-on-interface,not-on-interface,0x0,0x0,not-on-interface
4380,8760,TOP.SimTop.cpu.l_soc.core_with_l2.core.backend.inner_ctrlBlock.decode.io_in_1,1,1,1,0x80000104,0x34102373,not-on-interface,not-on-interface,0x0,0x0,not-on-interface
4380,8760,TOP.SimTop.cpu.l_soc.core_with_l2.core.backend.inner_ctrlBlock.decode.io_in_2,1,1,1,0x80000108,0x343023f3,not-on-interface,not-on-interface,0x0,0x0,not-on-interface
4380,8760,TOP.SimTop.cpu.l_soc.core_with_l2.core.backend.inner_ctrlBlock.decode.io_in_3,1,1,1,0x8000010c,0x30002e73,not-on-interface,not-on-interface,0x0,0x0,not-on-interface
4380,8760,TOP.SimTop.cpu.l_soc.core_with_l2.core.backend.inner_ctrlBlock.decode.io_in_4,1,1,1,0x80000110,0x59b023,not-on-interface,not-on-interface,0x0,0x0,not-on-interface
4380,8760,TOP.SimTop.cpu.l_soc.core_with_l2.core.backend.inner_ctrlBlock.decode.io_in_5,1,1,1,0x80000114,0x69b423,not-on-interface,not-on-interface,0x0,0x0,not-on-interface
4380,8760,TOP.SimTop.cpu.l_soc.core_with_l2.core.backend.inner_ctrlBlock.decode.io_out_0,1,1,1,0x80000100,0x342022f3,not-on-interface,not-on-interface,0x0,0x0,not-on-interface
4380,8760,TOP.SimTop.cpu.l_soc.core_with_l2.core.backend.inner_ctrlBlock.decode.io_out_1,1,1,1,0x80000104,0x34102373,not-on-interface,not-on-interface,0x0,0x0,not-on-interface
4380,8760,TOP.SimTop.cpu.l_soc.core_with_l2.core.backend.inner_ctrlBlock.decode.io_out_2,1,1,1,0x80000108,0x343023f3,not-on-interface,not-on-interface,0x0,0x0,not-on-interface
4380,8760,TOP.SimTop.cpu.l_soc.core_with_l2.core.backend.inner_ctrlBlock.decode.io_out_3,1,1,1,0x8000010c,0x30002e73,not-on-interface,not-on-interface,0x0,0x0,not-on-interface
4380,8760,TOP.SimTop.cpu.l_soc.core_with_l2.core.backend.inner_ctrlBlock.decode.io_out_4,1,1,1,0x80000110,0x59b023,not-on-interface,not-on-interface,0x0,0x0,not-on-interface
4380,8760,TOP.SimTop.cpu.l_soc.core_with_l2.core.backend.inner_ctrlBlock.decode.io_out_5,1,1,1,0x80000114,0x69b423,not-on-interface,not-on-interface,0x0,0x0,not-on-interface
4381,8762,TOP.SimTop.cpu.l_soc.core_with_l2.core.backend.inner_ctrlBlock.decode.io_in_0,1,1,1,0x80000118,0x79b823,not-on-interface,not-on-interface,0x0,0x0,not-on-interface
4381,8762,TOP.SimTop.cpu.l_soc.core_with_l2.core.backend.inner_ctrlBlock.decode.io_in_1,1,1,1,0x8000011c,0x1c9bc23,not-on-interface,not-on-interface,0x0,0x0,not-on-interface
4381,8762,TOP.SimTop.cpu.l_soc.core_with_l2.core.backend.inner_ctrlBlock.decode.io_out_0,1,1,1,0x80000118,0x79b823,not-on-interface,not-on-interface,0x0,0x0,not-on-interface
4381,8762,TOP.SimTop.cpu.l_soc.core_with_l2.core.backend.inner_ctrlBlock.decode.io_out_1,1,1,1,0x8000011c,0x1c9bc23,not-on-interface,not-on-interface,0x0,0x0,not-on-interface
4381,8762,TOP.SimTop.cpu.l_soc.core_with_l2.core.backend.inner_ctrlBlock.rename.io_in_0,1,1,1,0x80000100,0x342022f3,not-on-interface,not-on-interface,0x0,0x0,not-on-interface
4381,8762,TOP.SimTop.cpu.l_soc.core_with_l2.core.backend.inner_ctrlBlock.rename.io_in_1,1,1,1,0x80000104,0x34102373,not-on-interface,not-on-interface,0x0,0x0,not-on-interface
4381,8762,TOP.SimTop.cpu.l_soc.core_with_l2.core.backend.inner_ctrlBlock.rename.io_in_2,1,1,1,0x80000108,0x343023f3,not-on-interface,not-on-interface,0x0,0x0,not-on-interface
4381,8762,TOP.SimTop.cpu.l_soc.core_with_l2.core.backend.inner_ctrlBlock.rename.io_in_3,1,1,1,0x8000010c,0x30002e73,not-on-interface,not-on-interface,0x0,0x0,not-on-interface
4381,8762,TOP.SimTop.cpu.l_soc.core_with_l2.core.backend.inner_ctrlBlock.rename.io_in_4,1,1,1,0x80000110,0x59b023,not-on-interface,not-on-interface,0x0,0x0,not-on-interface
4381,8762,TOP.SimTop.cpu.l_soc.core_with_l2.core.backend.inner_ctrlBlock.rename.io_in_5,1,1,1,0x80000114,0x69b423,not-on-interface,not-on-interface,0x0,0x0,not-on-interface
4381,8762,TOP.SimTop.cpu.l_soc.core_with_l2.core.backend.inner_ctrlBlock.rename.io_out_0,1,1,1,0x80000100,0x342022f3,0x0,0x34,0x0,0x0,0x1d
4381,8762,TOP.SimTop.cpu.l_soc.core_with_l2.core.backend.inner_ctrlBlock.rename.io_out_1,1,1,1,0x80000104,0x34102373,0x0,0x35,0x0,0x0,0x1e
4381,8762,TOP.SimTop.cpu.l_soc.core_with_l2.core.backend.inner_ctrlBlock.rename.io_out_2,1,1,1,0x80000108,0x343023f3,0x0,0x36,0x0,0x0,0x1f
4381,8762,TOP.SimTop.cpu.l_soc.core_with_l2.core.backend.inner_ctrlBlock.rename.io_out_3,1,1,1,0x8000010c,0x30002e73,0x0,0x37,0x0,0x0,0x20
4381,8762,TOP.SimTop.cpu.l_soc.core_with_l2.core.backend.inner_ctrlBlock.rename.io_out_4,1,1,1,0x80000110,0x59b023,0x0,0x38,0x0,0x0,0x0
4381,8762,TOP.SimTop.cpu.l_soc.core_with_l2.core.backend.inner_ctrlBlock.rename.io_out_5,1,1,1,0x80000114,0x69b423,0x0,0x39,0x0,0x0,0x0
4382,8764,TOP.SimTop.cpu.l_soc.core_with_l2.core.backend.inner_ctrlBlock.dispatch.io_fromRename_0,1,1,1,0x80000100,0x342022f3,0x0,0x34,0x0,0x0,0x1d
4382,8764,TOP.SimTop.cpu.l_soc.core_with_l2.core.backend.inner_ctrlBlock.dispatch.io_fromRename_1,1,1,1,0x80000104,0x34102373,0x0,0x35,0x0,0x0,0x1e
4383,8766,TOP.SimTop.cpu.l_soc.core_with_l2.core.backend.inner_ctrlBlock.dispatch.io_fromRename_2,1,1,1,0x80000108,0x343023f3,0x0,0x36,0x0,0x0,0x1f
4396,8792,TOP.SimTop.cpu.l_soc.core_with_l2.core.backend.inner_ctrlBlock.decode.io_in_0,1,1,1,0x80000120,0xf96290e3,not-on-interface,not-on-interface,0x0,0x0,not-on-interface
4396,8792,TOP.SimTop.cpu.l_soc.core_with_l2.core.backend.inner_ctrlBlock.decode.io_in_1,1,1,1,0x80000124,0xf7431ee3,not-on-interface,not-on-interface,0x0,0x0,not-on-interface
4396,8792,TOP.SimTop.cpu.l_soc.core_with_l2.core.backend.inner_ctrlBlock.decode.io_in_2,1,1,1,0x80000128,0xf7741ce3,not-on-interface,not-on-interface,0x0,0x0,not-on-interface
4396,8792,TOP.SimTop.cpu.l_soc.core_with_l2.core.backend.inner_ctrlBlock.decode.io_in_3,1,1,1,0x8000012c,0xf6049ae3,not-on-interface,not-on-interface,0x0,0x0,not-on-interface
4396,8792,TOP.SimTop.cpu.l_soc.core_with_l2.core.backend.inner_ctrlBlock.decode.io_in_4,1,1,1,0x80000130,0xf60918e3,not-on-interface,not-on-interface,0x0,0x0,not-on-interface
4396,8792,TOP.SimTop.cpu.l_soc.core_with_l2.core.backend.inner_ctrlBlock.decode.io_in_5,1,1,1,0x80000134,0xbe5e93,not-on-interface,not-on-interface,0x0,0x0,not-on-interface
4396,8792,TOP.SimTop.cpu.l_soc.core_with_l2.core.backend.inner_ctrlBlock.decode.io_out_0,1,1,1,0x80000120,0xf96290e3,not-on-interface,not-on-interface,0x0,0x0,not-on-interface
4396,8792,TOP.SimTop.cpu.l_soc.core_with_l2.core.backend.inner_ctrlBlock.decode.io_out_1,1,1,1,0x80000124,0xf7431ee3,not-on-interface,not-on-interface,0x0,0x0,not-on-interface
4396,8792,TOP.SimTop.cpu.l_soc.core_with_l2.core.backend.inner_ctrlBlock.decode.io_out_2,1,1,1,0x80000128,0xf7741ce3,not-on-interface,not-on-interface,0x0,0x0,not-on-interface
4396,8792,TOP.SimTop.cpu.l_soc.core_with_l2.core.backend.inner_ctrlBlock.decode.io_out_3,1,1,1,0x8000012c,0xf6049ae3,not-on-interface,not-on-interface,0x0,0x0,not-on-interface
4396,8792,TOP.SimTop.cpu.l_soc.core_with_l2.core.backend.inner_ctrlBlock.decode.io_out_4,1,1,1,0x80000130,0xf60918e3,not-on-interface,not-on-interface,0x0,0x0,not-on-interface
4396,8792,TOP.SimTop.cpu.l_soc.core_with_l2.core.backend.inner_ctrlBlock.decode.io_out_5,1,1,1,0x80000134,0xbe5e93,not-on-interface,not-on-interface,0x0,0x0,not-on-interface
4396,8792,TOP.SimTop.cpu.l_soc.core_with_l2.core.backend.inner_ctrlBlock.dispatch.io_fromRename_3,1,1,1,0x8000010c,0x30002e73,0x0,0x37,0x0,0x0,0x20
4396,8792,TOP.SimTop.cpu.l_soc.core_with_l2.core.backend.inner_ctrlBlock.dispatch.io_fromRename_4,1,1,1,0x80000110,0x59b023,0x0,0x38,0x0,0x0,0x0
4396,8792,TOP.SimTop.cpu.l_soc.core_with_l2.core.backend.inner_ctrlBlock.dispatch.io_fromRename_5,1,1,1,0x80000114,0x69b423,0x0,0x39,0x0,0x0,0x0
4396,8792,TOP.SimTop.cpu.l_soc.core_with_l2.core.backend.inner_ctrlBlock.rename.io_in_0,1,1,1,0x80000118,0x79b823,not-on-interface,not-on-interface,0x0,0x0,not-on-interface
4396,8792,TOP.SimTop.cpu.l_soc.core_with_l2.core.backend.inner_ctrlBlock.rename.io_in_1,1,1,1,0x8000011c,0x1c9bc23,not-on-interface,not-on-interface,0x0,0x0,not-on-interface
4396,8792,TOP.SimTop.cpu.l_soc.core_with_l2.core.backend.inner_ctrlBlock.rename.io_out_0,1,1,1,0x80000118,0x79b823,0x0,0x3a,0x0,0x0,0x0
4396,8792,TOP.SimTop.cpu.l_soc.core_with_l2.core.backend.inner_ctrlBlock.rename.io_out_1,1,1,1,0x8000011c,0x1c9bc23,0x0,0x3b,0x0,0x0,0x0
4397,8794,TOP.SimTop.cpu.l_soc.core_with_l2.core.backend.inner_ctrlBlock.decode.io_in_0,1,1,1,0x80000138,0x3efe93,not-on-interface,not-on-interface,0x0,0x0,not-on-interface
4397,8794,TOP.SimTop.cpu.l_soc.core_with_l2.core.backend.inner_ctrlBlock.decode.io_in_1,1,1,1,0x8000013c,0x300f13,not-on-interface,not-on-interface,0x0,0x0,not-on-interface
4397,8794,TOP.SimTop.cpu.l_soc.core_with_l2.core.backend.inner_ctrlBlock.decode.io_in_2,1,1,1,0x80000140,0xf7ee90e3,not-on-interface,not-on-interface,0x0,0x0,not-on-interface
4397,8794,TOP.SimTop.cpu.l_soc.core_with_l2.core.backend.inner_ctrlBlock.decode.io_in_3,1,1,1,0x80000144,0x8e7e93,not-on-interface,not-on-interface,0x0,0x0,not-on-interface
4397,8794,TOP.SimTop.cpu.l_soc.core_with_l2.core.backend.inner_ctrlBlock.decode.io_in_4,1,1,1,0x80000148,0xf40e9ce3,not-on-interface,not-on-interface,0x0,0x0,not-on-interface
4397,8794,TOP.SimTop.cpu.l_soc.core_with_l2.core.backend.inner_ctrlBlock.decode.io_in_5,1,1,1,0x8000014c,0x140413,not-on-interface,not-on-interface,0x0,0x0,not-on-interface
4397,8794,TOP.SimTop.cpu.l_soc.core_with_l2.core.backend.inner_ctrlBlock.decode.io_out_0,1,1,1,0x80000138,0x3efe93,not-on-interface,not-on-interface,0x0,0x0,not-on-interface
4397,8794,TOP.SimTop.cpu.l_soc.core_with_l2.core.backend.inner_ctrlBlock.decode.io_out_1,1,1,1,0x8000013c,0x300f13,not-on-interface,not-on-interface,0x0,0x0,not-on-interface
4397,8794,TOP.SimTop.cpu.l_soc.core_with_l2.core.backend.inner_ctrlBlock.decode.io_out_2,1,1,1,0x80000140,0xf7ee90e3,not-on-interface,not-on-interface,0x0,0x0,not-on-interface
4397,8794,TOP.SimTop.cpu.l_soc.core_with_l2.core.backend.inner_ctrlBlock.decode.io_out_3,1,1,1,0x80000144,0x8e7e93,not-on-interface,not-on-interface,0x0,0x0,not-on-interface
4397,8794,TOP.SimTop.cpu.l_soc.core_with_l2.core.backend.inner_ctrlBlock.decode.io_out_4,1,1,1,0x80000148,0xf40e9ce3,not-on-interface,not-on-interface,0x0,0x0,not-on-interface
4397,8794,TOP.SimTop.cpu.l_soc.core_with_l2.core.backend.inner_ctrlBlock.decode.io_out_5,1,1,1,0x8000014c,0x140413,not-on-interface,not-on-interface,0x0,0x0,not-on-interface
4397,8794,TOP.SimTop.cpu.l_soc.core_with_l2.core.backend.inner_ctrlBlock.dispatch.io_fromRename_0,1,1,1,0x80000118,0x79b823,0x0,0x3a,0x0,0x0,0x0
4397,8794,TOP.SimTop.cpu.l_soc.core_with_l2.core.backend.inner_ctrlBlock.dispatch.io_fromRename_1,1,1,1,0x8000011c,0x1c9bc23,0x0,0x3b,0x0,0x0,0x0
4397,8794,TOP.SimTop.cpu.l_soc.core_with_l2.core.backend.inner_ctrlBlock.rename.io_in_0,1,1,1,0x80000120,0xf96290e3,not-on-interface,not-on-interface,0x0,0x0,not-on-interface
4397,8794,TOP.SimTop.cpu.l_soc.core_with_l2.core.backend.inner_ctrlBlock.rename.io_in_1,1,1,1,0x80000124,0xf7431ee3,not-on-interface,not-on-interface,0x0,0x0,not-on-interface
4397,8794,TOP.SimTop.cpu.l_soc.core_with_l2.core.backend.inner_ctrlBlock.rename.io_in_2,1,1,1,0x80000128,0xf7741ce3,not-on-interface,not-on-interface,0x0,0x0,not-on-interface
4397,8794,TOP.SimTop.cpu.l_soc.core_with_l2.core.backend.inner_ctrlBlock.rename.io_in_3,1,1,1,0x8000012c,0xf6049ae3,not-on-interface,not-on-interface,0x0,0x0,not-on-interface
4397,8794,TOP.SimTop.cpu.l_soc.core_with_l2.core.backend.inner_ctrlBlock.rename.io_in_4,1,1,1,0x80000130,0xf60918e3,not-on-interface,not-on-interface,0x0,0x0,not-on-interface
4397,8794,TOP.SimTop.cpu.l_soc.core_with_l2.core.backend.inner_ctrlBlock.rename.io_in_5,1,1,1,0x80000134,0xbe5e93,not-on-interface,not-on-interface,0x0,0x0,not-on-interface
4397,8794,TOP.SimTop.cpu.l_soc.core_with_l2.core.backend.inner_ctrlBlock.rename.io_out_0,1,1,1,0x80000120,0xf96290e3,0x0,0x3c,0x0,0x0,0x0
4397,8794,TOP.SimTop.cpu.l_soc.core_with_l2.core.backend.inner_ctrlBlock.rename.io_out_1,1,1,1,0x80000124,0xf7431ee3,0x0,0x3d,0x0,0x0,0x0
4397,8794,TOP.SimTop.cpu.l_soc.core_with_l2.core.backend.inner_ctrlBlock.rename.io_out_2,1,1,1,0x80000128,0xf7741ce3,0x0,0x3e,0x0,0x0,0x0
4397,8794,TOP.SimTop.cpu.l_soc.core_with_l2.core.backend.inner_ctrlBlock.rename.io_out_3,1,1,1,0x8000012c,0xf6049ae3,0x0,0x3f,0x0,0x0,0x0
4397,8794,TOP.SimTop.cpu.l_soc.core_with_l2.core.backend.inner_ctrlBlock.rename.io_out_4,1,1,1,0x80000130,0xf60918e3,0x0,0x40,0x0,0x0,0x0
4397,8794,TOP.SimTop.cpu.l_soc.core_with_l2.core.backend.inner_ctrlBlock.rename.io_out_5,1,1,1,0x80000134,0xbe5e93,0x0,0x41,0x0,0x0,0x21
4398,8796,TOP.SimTop.cpu.l_soc.core_with_l2.core.backend.inner_ctrlBlock.decode.io_in_0,1,1,1,0x80000150,0x2098993,not-on-interface,not-on-interface,0x0,0x0,not-on-interface
4398,8796,TOP.SimTop.cpu.l_soc.core_with_l2.core.backend.inner_ctrlBlock.decode.io_in_1,1,1,1,0x80000154,0x341a9073,not-on-interface,not-on-interface,0x0,0x0,not-on-interface
4398,8796,TOP.SimTop.cpu.l_soc.core_with_l2.core.backend.inner_ctrlBlock.decode.io_in_2,1,1,1,0x80000158,0x30200073,not-on-interface,not-on-interface,0x0,0x0,not-on-interface
4398,8796,TOP.SimTop.cpu.l_soc.core_with_l2.core.backend.inner_ctrlBlock.decode.io_in_3,1,1,1,0x8000015c,0x13,not-on-interface,not-on-interface,0x0,0x0,not-on-interface
4398,8796,TOP.SimTop.cpu.l_soc.core_with_l2.core.backend.inner_ctrlBlock.decode.io_in_4,1,1,1,0x80000160,0x13,not-on-interface,not-on-interface,0x0,0x0,not-on-interface
4398,8796,TOP.SimTop.cpu.l_soc.core_with_l2.core.backend.inner_ctrlBlock.decode.io_in_5,1,1,1,0x80000164,0x13,not-on-interface,not-on-interface,0x0,0x0,not-on-interface
4398,8796,TOP.SimTop.cpu.l_soc.core_with_l2.core.backend.inner_ctrlBlock.decode.io_out_0,1,1,1,0x80000150,0x2098993,not-on-interface,not-on-interface,0x0,0x0,not-on-interface
4398,8796,TOP.SimTop.cpu.l_soc.core_with_l2.core.backend.inner_ctrlBlock.decode.io_out_1,1,1,1,0x80000154,0x341a9073,not-on-interface,not-on-interface,0x0,0x0,not-on-interface
4398,8796,TOP.SimTop.cpu.l_soc.core_with_l2.core.backend.inner_ctrlBlock.decode.io_out_2,1,1,1,0x80000158,0x30200073,not-on-interface,not-on-interface,0x0,0x0,not-on-interface
4398,8796,TOP.SimTop.cpu.l_soc.core_with_l2.core.backend.inner_ctrlBlock.decode.io_out_3,1,1,1,0x8000015c,0x13,not-on-interface,not-on-interface,0x0,0x0,not-on-interface
4398,8796,TOP.SimTop.cpu.l_soc.core_with_l2.core.backend.inner_ctrlBlock.decode.io_out_4,1,1,1,0x80000160,0x13,not-on-interface,not-on-interface,0x0,0x0,not-on-interface
4398,8796,TOP.SimTop.cpu.l_soc.core_with_l2.core.backend.inner_ctrlBlock.decode.io_out_5,1,1,1,0x80000164,0x13,not-on-interface,not-on-interface,0x0,0x0,not-on-interface
4398,8796,TOP.SimTop.cpu.l_soc.core_with_l2.core.backend.inner_ctrlBlock.dispatch.io_fromRename_0,1,1,1,0x80000120,0xf96290e3,0x0,0x3c,0x0,0x0,0x0
4398,8796,TOP.SimTop.cpu.l_soc.core_with_l2.core.backend.inner_ctrlBlock.dispatch.io_fromRename_1,1,1,1,0x80000124,0xf7431ee3,0x0,0x3d,0x0,0x0,0x0
4398,8796,TOP.SimTop.cpu.l_soc.core_with_l2.core.backend.inner_ctrlBlock.dispatch.io_fromRename_2,1,1,1,0x80000128,0xf7741ce3,0x0,0x3e,0x0,0x0,0x0
4398,8796,TOP.SimTop.cpu.l_soc.core_with_l2.core.backend.inner_ctrlBlock.dispatch.io_fromRename_3,1,1,1,0x8000012c,0xf6049ae3,0x0,0x3f,0x0,0x0,0x0
4398,8796,TOP.SimTop.cpu.l_soc.core_with_l2.core.backend.inner_ctrlBlock.dispatch.io_fromRename_4,1,1,1,0x80000130,0xf60918e3,0x0,0x40,0x0,0x0,0x0
4398,8796,TOP.SimTop.cpu.l_soc.core_with_l2.core.backend.inner_ctrlBlock.dispatch.io_fromRename_5,1,1,1,0x80000134,0xbe5e93,0x0,0x41,0x0,0x0,0x21
4398,8796,TOP.SimTop.cpu.l_soc.core_with_l2.core.backend.inner_ctrlBlock.rename.io_in_0,1,1,1,0x80000138,0x3efe93,not-on-interface,not-on-interface,0x0,0x0,not-on-interface
4398,8796,TOP.SimTop.cpu.l_soc.core_with_l2.core.backend.inner_ctrlBlock.rename.io_in_1,1,1,1,0x8000013c,0x300f13,not-on-interface,not-on-interface,0x0,0x0,not-on-interface
4398,8796,TOP.SimTop.cpu.l_soc.core_with_l2.core.backend.inner_ctrlBlock.rename.io_in_2,1,1,1,0x80000140,0xf7ee90e3,not-on-interface,not-on-interface,0x0,0x0,not-on-interface
4398,8796,TOP.SimTop.cpu.l_soc.core_with_l2.core.backend.inner_ctrlBlock.rename.io_in_3,1,1,1,0x80000144,0x8e7e93,not-on-interface,not-on-interface,0x0,0x0,not-on-interface
4398,8796,TOP.SimTop.cpu.l_soc.core_with_l2.core.backend.inner_ctrlBlock.rename.io_in_4,1,1,1,0x80000148,0xf40e9ce3,not-on-interface,not-on-interface,0x0,0x0,not-on-interface
4398,8796,TOP.SimTop.cpu.l_soc.core_with_l2.core.backend.inner_ctrlBlock.rename.io_in_5,1,1,1,0x8000014c,0x140413,not-on-interface,not-on-interface,0x0,0x0,not-on-interface
4398,8796,TOP.SimTop.cpu.l_soc.core_with_l2.core.backend.inner_ctrlBlock.rename.io_out_0,1,1,1,0x80000138,0x3efe93,0x0,0x42,0x0,0x0,0x22
4398,8796,TOP.SimTop.cpu.l_soc.core_with_l2.core.backend.inner_ctrlBlock.rename.io_out_1,1,1,1,0x8000013c,0x300f13,0x0,0x43,0x0,0x0,0x23
4398,8796,TOP.SimTop.cpu.l_soc.core_with_l2.core.backend.inner_ctrlBlock.rename.io_out_2,1,1,1,0x80000140,0xf7ee90e3,0x0,0x44,0x0,0x0,0x0
4398,8796,TOP.SimTop.cpu.l_soc.core_with_l2.core.backend.inner_ctrlBlock.rename.io_out_3,1,1,1,0x80000144,0x8e7e93,0x0,0x45,0x0,0x0,0x24
4398,8796,TOP.SimTop.cpu.l_soc.core_with_l2.core.backend.inner_ctrlBlock.rename.io_out_4,1,1,1,0x80000148,0xf40e9ce3,0x0,0x46,0x0,0x0,0x0
4398,8796,TOP.SimTop.cpu.l_soc.core_with_l2.core.backend.inner_ctrlBlock.rename.io_out_5,1,1,1,0x8000014c,0x140413,0x0,0x47,0x0,0x0,0x25
4399,8798,TOP.SimTop.cpu.l_soc.core_with_l2.core.backend.inner_ctrlBlock.decode.io_in_0,1,1,1,0x80000168,0x13,not-on-interface,not-on-interface,0x0,0x0,not-on-interface
4399,8798,TOP.SimTop.cpu.l_soc.core_with_l2.core.backend.inner_ctrlBlock.decode.io_in_1,1,1,1,0x8000016c,0x13,not-on-interface,not-on-interface,0x0,0x0,not-on-interface
4399,8798,TOP.SimTop.cpu.l_soc.core_with_l2.core.backend.inner_ctrlBlock.decode.io_in_2,1,1,1,0x80000170,0x13,not-on-interface,not-on-interface,0x0,0x0,not-on-interface
4399,8798,TOP.SimTop.cpu.l_soc.core_with_l2.core.backend.inner_ctrlBlock.decode.io_in_3,1,1,1,0x80000174,0x13,not-on-interface,not-on-interface,0x0,0x0,not-on-interface
4399,8798,TOP.SimTop.cpu.l_soc.core_with_l2.core.backend.inner_ctrlBlock.decode.io_in_4,1,1,1,0x80000178,0x13,not-on-interface,not-on-interface,0x0,0x0,not-on-interface
4399,8798,TOP.SimTop.cpu.l_soc.core_with_l2.core.backend.inner_ctrlBlock.decode.io_in_5,1,1,1,0x8000017c,0x13,not-on-interface,not-on-interface,0x0,0x0,not-on-interface
4399,8798,TOP.SimTop.cpu.l_soc.core_with_l2.core.backend.inner_ctrlBlock.decode.io_out_0,1,1,1,0x80000168,0x13,not-on-interface,not-on-interface,0x0,0x0,not-on-interface
4399,8798,TOP.SimTop.cpu.l_soc.core_with_l2.core.backend.inner_ctrlBlock.decode.io_out_1,1,1,1,0x8000016c,0x13,not-on-interface,not-on-interface,0x0,0x0,not-on-interface
4399,8798,TOP.SimTop.cpu.l_soc.core_with_l2.core.backend.inner_ctrlBlock.decode.io_out_2,1,1,1,0x80000170,0x13,not-on-interface,not-on-interface,0x0,0x0,not-on-interface
4399,8798,TOP.SimTop.cpu.l_soc.core_with_l2.core.backend.inner_ctrlBlock.decode.io_out_3,1,1,1,0x80000174,0x13,not-on-interface,not-on-interface,0x0,0x0,not-on-interface
4399,8798,TOP.SimTop.cpu.l_soc.core_with_l2.core.backend.inner_ctrlBlock.decode.io_out_4,1,1,1,0x80000178,0x13,not-on-interface,not-on-interface,0x0,0x0,not-on-interface
4399,8798,TOP.SimTop.cpu.l_soc.core_with_l2.core.backend.inner_ctrlBlock.decode.io_out_5,1,1,1,0x8000017c,0x13,not-on-interface,not-on-interface,0x0,0x0,not-on-interface
4399,8798,TOP.SimTop.cpu.l_soc.core_with_l2.core.backend.inner_ctrlBlock.dispatch.io_fromRename_0,1,1,1,0x80000138,0x3efe93,0x0,0x42,0x0,0x0,0x22
4399,8798,TOP.SimTop.cpu.l_soc.core_with_l2.core.backend.inner_ctrlBlock.dispatch.io_fromRename_1,1,1,1,0x8000013c,0x300f13,0x0,0x43,0x0,0x0,0x23
4399,8798,TOP.SimTop.cpu.l_soc.core_with_l2.core.backend.inner_ctrlBlock.dispatch.io_fromRename_2,1,1,1,0x80000140,0xf7ee90e3,0x0,0x44,0x0,0x0,0x0
4399,8798,TOP.SimTop.cpu.l_soc.core_with_l2.core.backend.inner_ctrlBlock.dispatch.io_fromRename_3,1,1,1,0x80000144,0x8e7e93,0x0,0x45,0x0,0x0,0x24
4399,8798,TOP.SimTop.cpu.l_soc.core_with_l2.core.backend.inner_ctrlBlock.dispatch.io_fromRename_4,1,1,1,0x80000148,0xf40e9ce3,0x0,0x46,0x0,0x0,0x0
4399,8798,TOP.SimTop.cpu.l_soc.core_with_l2.core.backend.inner_ctrlBlock.dispatch.io_fromRename_5,1,1,1,0x8000014c,0x140413,0x0,0x47,0x0,0x0,0x25
4399,8798,TOP.SimTop.cpu.l_soc.core_with_l2.core.backend.inner_ctrlBlock.rename.io_in_0,1,1,1,0x80000150,0x2098993,not-on-interface,not-on-interface,0x0,0x0,not-on-interface
4399,8798,TOP.SimTop.cpu.l_soc.core_with_l2.core.backend.inner_ctrlBlock.rename.io_in_1,1,1,1,0x80000154,0x341a9073,not-on-interface,not-on-interface,0x0,0x0,not-on-interface
4399,8798,TOP.SimTop.cpu.l_soc.core_with_l2.core.backend.inner_ctrlBlock.rename.io_in_2,1,1,1,0x80000158,0x30200073,not-on-interface,not-on-interface,0x0,0x0,not-on-interface
4399,8798,TOP.SimTop.cpu.l_soc.core_with_l2.core.backend.inner_ctrlBlock.rename.io_in_3,1,1,1,0x8000015c,0x13,not-on-interface,not-on-interface,0x0,0x0,not-on-interface
4399,8798,TOP.SimTop.cpu.l_soc.core_with_l2.core.backend.inner_ctrlBlock.rename.io_in_4,1,1,1,0x80000160,0x13,not-on-interface,not-on-interface,0x0,0x0,not-on-interface
4399,8798,TOP.SimTop.cpu.l_soc.core_with_l2.core.backend.inner_ctrlBlock.rename.io_in_5,1,1,1,0x80000164,0x13,not-on-interface,not-on-interface,0x0,0x0,not-on-interface
4399,8798,TOP.SimTop.cpu.l_soc.core_with_l2.core.backend.inner_ctrlBlock.rename.io_out_0,1,1,1,0x80000150,0x2098993,0x0,0x48,0x0,0x0,0x26
4399,8798,TOP.SimTop.cpu.l_soc.core_with_l2.core.backend.inner_ctrlBlock.rename.io_out_1,1,1,1,0x80000154,0x341a9073,0x0,0x49,0x0,0x0,0x0
4399,8798,TOP.SimTop.cpu.l_soc.core_with_l2.core.backend.inner_ctrlBlock.rename.io_out_2,1,1,1,0x80000158,0x30200073,0x0,0x4a,0x0,0x0,0x0
4399,8798,TOP.SimTop.cpu.l_soc.core_with_l2.core.backend.inner_ctrlBlock.rename.io_out_3,1,1,1,0x8000015c,0x13,0x0,0x4b,0x0,0x0,0x0
4399,8798,TOP.SimTop.cpu.l_soc.core_with_l2.core.backend.inner_ctrlBlock.rename.io_out_4,1,1,1,0x80000160,0x13,0x0,0x4c,0x0,0x0,0x0
4399,8798,TOP.SimTop.cpu.l_soc.core_with_l2.core.backend.inner_ctrlBlock.rename.io_out_5,1,1,1,0x80000164,0x13,0x0,0x4c,0x0,0x0,0x0
4400,8800,TOP.SimTop.cpu.l_soc.core_with_l2.core.backend.inner_ctrlBlock.dispatch.io_fromRename_0,1,1,1,0x80000150,0x2098993,0x0,0x48,0x0,0x0,0x26
4412,8824,TOP.SimTop.cpu.l_soc.core_with_l2.core.backend.inner_ctrlBlock.dispatch.io_fromRename_1,1,1,1,0x80000154,0x341a9073,0x0,0x49,0x0,0x0,0x0
4421,8842,TOP.SimTop.cpu.l_soc.core_with_l2.core.backend.inner_ctrlBlock.dispatch.io_fromRename_2,1,1,1,0x80000158,0x30200073,0x0,0x4a,0x0,0x0,0x0
4436,8872,TOP.SimTop.cpu.l_soc.core_with_l2.core.backend.inner_ctrlBlock.decode.io_in_0,1,1,1,0x80000084,0x49e63,not-on-interface,not-on-interface,0x0,0x0,not-on-interface
4436,8872,TOP.SimTop.cpu.l_soc.core_with_l2.core.backend.inner_ctrlBlock.decode.io_in_1,1,1,1,0x80000088,0x91c63,not-on-interface,not-on-interface,0x0,0x0,not-on-interface
4436,8872,TOP.SimTop.cpu.l_soc.core_with_l2.core.backend.inner_ctrlBlock.decode.io_in_2,1,1,1,0x8000008c,0x200293,not-on-interface,not-on-interface,0x0,0x0,not-on-interface
4436,8872,TOP.SimTop.cpu.l_soc.core_with_l2.core.backend.inner_ctrlBlock.decode.io_in_3,1,1,1,0x80000090,0x541863,not-on-interface,not-on-interface,0x0,0x0,not-on-interface
4436,8872,TOP.SimTop.cpu.l_soc.core_with_l2.core.backend.inner_ctrlBlock.decode.io_in_4,1,1,1,0x80000094,0x513,not-on-interface,not-on-interface,0x0,0x0,not-on-interface
4436,8872,TOP.SimTop.cpu.l_soc.core_with_l2.core.backend.inner_ctrlBlock.decode.io_in_5,1,1,1,0x80000098,0x6b,not-on-interface,not-on-interface,0x0,0x0,not-on-interface
4436,8872,TOP.SimTop.cpu.l_soc.core_with_l2.core.backend.inner_ctrlBlock.decode.io_out_0,1,1,1,0x80000084,0x49e63,not-on-interface,not-on-interface,0x0,0x0,not-on-interface
4436,8872,TOP.SimTop.cpu.l_soc.core_with_l2.core.backend.inner_ctrlBlock.decode.io_out_1,1,1,1,0x80000088,0x91c63,not-on-interface,not-on-interface,0x0,0x0,not-on-interface
4436,8872,TOP.SimTop.cpu.l_soc.core_with_l2.core.backend.inner_ctrlBlock.decode.io_out_2,1,1,1,0x8000008c,0x200293,not-on-interface,not-on-interface,0x0,0x0,not-on-interface
4436,8872,TOP.SimTop.cpu.l_soc.core_with_l2.core.backend.inner_ctrlBlock.decode.io_out_3,1,1,1,0x80000090,0x541863,not-on-interface,not-on-interface,0x0,0x0,not-on-interface
4436,8872,TOP.SimTop.cpu.l_soc.core_with_l2.core.backend.inner_ctrlBlock.decode.io_out_4,1,1,1,0x80000094,0x513,not-on-interface,not-on-interface,0x0,0x0,not-on-interface
4436,8872,TOP.SimTop.cpu.l_soc.core_with_l2.core.backend.inner_ctrlBlock.decode.io_out_5,1,1,1,0x80000098,0x6b,not-on-interface,not-on-interface,0x0,0x0,not-on-interface
4437,8874,TOP.SimTop.cpu.l_soc.core_with_l2.core.backend.inner_ctrlBlock.decode.io_in_0,1,1,1,0x8000009c,0xff9ff06f,not-on-interface,not-on-interface,0x0,0x0,not-on-interface
4437,8874,TOP.SimTop.cpu.l_soc.core_with_l2.core.backend.inner_ctrlBlock.decode.io_out_0,1,1,1,0x8000009c,0xff9ff06f,not-on-interface,not-on-interface,0x0,0x0,not-on-interface
4437,8874,TOP.SimTop.cpu.l_soc.core_with_l2.core.backend.inner_ctrlBlock.rename.io_in_0,1,1,1,0x80000084,0x49e63,not-on-interface,not-on-interface,0x0,0x0,not-on-interface
4437,8874,TOP.SimTop.cpu.l_soc.core_with_l2.core.backend.inner_ctrlBlock.rename.io_in_1,1,1,1,0x80000088,0x91c63,not-on-interface,not-on-interface,0x0,0x0,not-on-interface
4437,8874,TOP.SimTop.cpu.l_soc.core_with_l2.core.backend.inner_ctrlBlock.rename.io_in_2,1,1,1,0x8000008c,0x200293,not-on-interface,not-on-interface,0x0,0x0,not-on-interface
4437,8874,TOP.SimTop.cpu.l_soc.core_with_l2.core.backend.inner_ctrlBlock.rename.io_in_3,1,1,1,0x80000090,0x541863,not-on-interface,not-on-interface,0x0,0x0,not-on-interface
4437,8874,TOP.SimTop.cpu.l_soc.core_with_l2.core.backend.inner_ctrlBlock.rename.io_in_4,1,1,1,0x80000094,0x513,not-on-interface,not-on-interface,0x0,0x0,not-on-interface
4437,8874,TOP.SimTop.cpu.l_soc.core_with_l2.core.backend.inner_ctrlBlock.rename.io_in_5,1,1,1,0x80000098,0x6b,not-on-interface,not-on-interface,0x0,0x0,not-on-interface
4437,8874,TOP.SimTop.cpu.l_soc.core_with_l2.core.backend.inner_ctrlBlock.rename.io_out_0,1,1,1,0x80000084,0x49e63,0x0,0x4b,0x0,0x0,0x0
4437,8874,TOP.SimTop.cpu.l_soc.core_with_l2.core.backend.inner_ctrlBlock.rename.io_out_1,1,1,1,0x80000088,0x91c63,0x0,0x4c,0x0,0x0,0x0
4437,8874,TOP.SimTop.cpu.l_soc.core_with_l2.core.backend.inner_ctrlBlock.rename.io_out_2,1,1,1,0x8000008c,0x200293,0x0,0x4d,0x0,0x0,0x27
4437,8874,TOP.SimTop.cpu.l_soc.core_with_l2.core.backend.inner_ctrlBlock.rename.io_out_3,1,1,1,0x80000090,0x541863,0x0,0x4e,0x0,0x0,0x0
4437,8874,TOP.SimTop.cpu.l_soc.core_with_l2.core.backend.inner_ctrlBlock.rename.io_out_4,1,1,1,0x80000094,0x513,0x0,0x4f,0x0,0x0,0x0
4437,8874,TOP.SimTop.cpu.l_soc.core_with_l2.core.backend.inner_ctrlBlock.rename.io_out_5,1,1,1,0x80000098,0x6b,0x0,0x50,0x0,0x0,0x0
4438,8876,TOP.SimTop.cpu.l_soc.core_with_l2.core.backend.inner_ctrlBlock.dispatch.io_fromRename_0,1,1,1,0x80000084,0x49e63,0x0,0x4b,0x0,0x0,0x0
4438,8876,TOP.SimTop.cpu.l_soc.core_with_l2.core.backend.inner_ctrlBlock.dispatch.io_fromRename_1,1,1,1,0x80000088,0x91c63,0x0,0x4c,0x0,0x0,0x0
4438,8876,TOP.SimTop.cpu.l_soc.core_with_l2.core.backend.inner_ctrlBlock.dispatch.io_fromRename_2,1,1,1,0x8000008c,0x200293,0x0,0x4d,0x0,0x0,0x27
4438,8876,TOP.SimTop.cpu.l_soc.core_with_l2.core.backend.inner_ctrlBlock.dispatch.io_fromRename_3,1,1,1,0x80000090,0x541863,0x0,0x4e,0x0,0x0,0x0
4438,8876,TOP.SimTop.cpu.l_soc.core_with_l2.core.backend.inner_ctrlBlock.dispatch.io_fromRename_4,1,1,1,0x80000094,0x513,0x0,0x4f,0x0,0x0,0x0
4447,8894,TOP.SimTop.cpu.l_soc.core_with_l2.core.backend.inner_ctrlBlock.decode.io_in_0,1,1,1,0x80000094,0x513,not-on-interface,not-on-interface,0x0,0x0,not-on-interface
4447,8894,TOP.SimTop.cpu.l_soc.core_with_l2.core.backend.inner_ctrlBlock.decode.io_in_1,1,1,1,0x80000098,0x6b,not-on-interface,not-on-interface,0x0,0x0,not-on-interface
4447,8894,TOP.SimTop.cpu.l_soc.core_with_l2.core.backend.inner_ctrlBlock.decode.io_in_2,1,1,1,0x8000009c,0xff9ff06f,not-on-interface,not-on-interface,0x0,0x0,not-on-interface
4447,8894,TOP.SimTop.cpu.l_soc.core_with_l2.core.backend.inner_ctrlBlock.decode.io_out_0,1,1,1,0x80000094,0x513,not-on-interface,not-on-interface,0x0,0x0,not-on-interface
4447,8894,TOP.SimTop.cpu.l_soc.core_with_l2.core.backend.inner_ctrlBlock.decode.io_out_1,1,1,1,0x80000098,0x6b,not-on-interface,not-on-interface,0x0,0x0,not-on-interface
4447,8894,TOP.SimTop.cpu.l_soc.core_with_l2.core.backend.inner_ctrlBlock.decode.io_out_2,1,1,1,0x8000009c,0xff9ff06f,not-on-interface,not-on-interface,0x0,0x0,not-on-interface
4447,8894,TOP.SimTop.cpu.l_soc.core_with_l2.core.backend.inner_ctrlBlock.dispatch.io_fromRename_5,1,1,1,0x80000098,0x6b,0x0,0x50,0x0,0x0,0x0
4447,8894,TOP.SimTop.cpu.l_soc.core_with_l2.core.backend.inner_ctrlBlock.rename.io_in_0,1,1,1,0x8000009c,0xff9ff06f,not-on-interface,not-on-interface,0x0,0x0,not-on-interface
4447,8894,TOP.SimTop.cpu.l_soc.core_with_l2.core.backend.inner_ctrlBlock.rename.io_out_0,1,1,1,0x8000009c,0xff9ff06f,0x0,0x51,0x0,0x0,0x0
4455,8910,TOP.SimTop.cpu.l_soc.core_with_l2.core.backend.inner_ctrlBlock.decode.io_in_0,1,1,1,0x80000094,0x513,not-on-interface,not-on-interface,0x0,0x0,not-on-interface
4455,8910,TOP.SimTop.cpu.l_soc.core_with_l2.core.backend.inner_ctrlBlock.decode.io_in_1,1,1,1,0x80000098,0x6b,not-on-interface,not-on-interface,0x0,0x0,not-on-interface
4455,8910,TOP.SimTop.cpu.l_soc.core_with_l2.core.backend.inner_ctrlBlock.decode.io_in_2,1,1,1,0x8000009c,0xff9ff06f,not-on-interface,not-on-interface,0x0,0x0,not-on-interface
4455,8910,TOP.SimTop.cpu.l_soc.core_with_l2.core.backend.inner_ctrlBlock.decode.io_out_0,1,1,1,0x80000094,0x513,not-on-interface,not-on-interface,0x0,0x0,not-on-interface
4455,8910,TOP.SimTop.cpu.l_soc.core_with_l2.core.backend.inner_ctrlBlock.decode.io_out_1,1,1,1,0x80000098,0x6b,not-on-interface,not-on-interface,0x0,0x0,not-on-interface
4455,8910,TOP.SimTop.cpu.l_soc.core_with_l2.core.backend.inner_ctrlBlock.decode.io_out_2,1,1,1,0x8000009c,0xff9ff06f,not-on-interface,not-on-interface,0x0,0x0,not-on-interface
4455,8910,TOP.SimTop.cpu.l_soc.core_with_l2.core.backend.inner_ctrlBlock.dispatch.io_fromRename_0,1,1,1,0x8000009c,0xff9ff06f,0x0,0x51,0x0,0x0,0x0
4455,8910,TOP.SimTop.cpu.l_soc.core_with_l2.core.backend.inner_ctrlBlock.rename.io_in_0,1,1,1,0x80000094,0x513,not-on-interface,not-on-interface,0x0,0x0,not-on-interface
4455,8910,TOP.SimTop.cpu.l_soc.core_with_l2.core.backend.inner_ctrlBlock.rename.io_in_1,1,1,1,0x80000098,0x6b,not-on-interface,not-on-interface,0x0,0x0,not-on-interface
4455,8910,TOP.SimTop.cpu.l_soc.core_with_l2.core.backend.inner_ctrlBlock.rename.io_in_2,1,1,1,0x8000009c,0xff9ff06f,not-on-interface,not-on-interface,0x0,0x0,not-on-interface
4455,8910,TOP.SimTop.cpu.l_soc.core_with_l2.core.backend.inner_ctrlBlock.rename.io_out_0,1,1,1,0x80000094,0x513,0x0,0x52,0x0,0x0,0x0
4455,8910,TOP.SimTop.cpu.l_soc.core_with_l2.core.backend.inner_ctrlBlock.rename.io_out_1,1,1,1,0x80000098,0x6b,0x0,0x53,0x0,0x0,0x0
4455,8910,TOP.SimTop.cpu.l_soc.core_with_l2.core.backend.inner_ctrlBlock.rename.io_out_2,1,1,1,0x8000009c,0xff9ff06f,0x0,0x54,0x0,0x0,0x0
4456,8912,TOP.SimTop.cpu.l_soc.core_with_l2.core.backend.inner_ctrlBlock.dispatch.io_fromRename_0,1,1,1,0x80000094,0x513,0x0,0x52,0x0,0x0,0x0
